-- MySQL Administrator dump 1.4
--
-- ------------------------------------------------------
-- Server version	5.7.13-log


/*!40101 SET @OLD_CHARACTER_SET_CLIENT=@@CHARACTER_SET_CLIENT */;
/*!40101 SET @OLD_CHARACTER_SET_RESULTS=@@CHARACTER_SET_RESULTS */;
/*!40101 SET @OLD_COLLATION_CONNECTION=@@COLLATION_CONNECTION */;
/*!40101 SET NAMES utf8 */;

/*!40014 SET @OLD_UNIQUE_CHECKS=@@UNIQUE_CHECKS, UNIQUE_CHECKS=0 */;
/*!40014 SET @OLD_FOREIGN_KEY_CHECKS=@@FOREIGN_KEY_CHECKS, FOREIGN_KEY_CHECKS=0 */;
/*!40101 SET @OLD_SQL_MODE=@@SQL_MODE, SQL_MODE='NO_AUTO_VALUE_ON_ZERO' */;


--
-- Create schema earthuniversity
--

CREATE DATABASE IF NOT EXISTS earthuniversity;
USE earthuniversity;

--
-- Definition of table `civilstatus`
--

DROP TABLE IF EXISTS `civilstatus`;
CREATE TABLE `civilstatus` (
  `id` int(11) NOT NULL AUTO_INCREMENT,
  `name` varchar(45) DEFAULT NULL,
  PRIMARY KEY (`id`)
) ENGINE=InnoDB AUTO_INCREMENT=3 DEFAULT CHARSET=utf8;

--
-- Dumping data for table `civilstatus`
--

/*!40000 ALTER TABLE `civilstatus` DISABLE KEYS */;
INSERT INTO `civilstatus` (`id`,`name`) VALUES 
 (1,'Married'),
 (2,'Unmarried');
/*!40000 ALTER TABLE `civilstatus` ENABLE KEYS */;


--
-- Definition of table `designation`
--

DROP TABLE IF EXISTS `designation`;
CREATE TABLE `designation` (
  `id` int(11) NOT NULL AUTO_INCREMENT,
  `name` varchar(45) DEFAULT NULL,
  PRIMARY KEY (`id`)
) ENGINE=InnoDB AUTO_INCREMENT=9 DEFAULT CHARSET=utf8;

--
-- Dumping data for table `designation`
--

/*!40000 ALTER TABLE `designation` DISABLE KEYS */;
INSERT INTO `designation` (`id`,`name`) VALUES 
 (1,'Manager'),
 (2,'Lecture'),
 (3,'Senior Lecture'),
 (4,'Junior Lecture'),
 (5,'MD'),
 (7,'Department Manager'),
 (8,'Receptionist');
/*!40000 ALTER TABLE `designation` ENABLE KEYS */;


--
-- Definition of table `employee`
--

DROP TABLE IF EXISTS `employee`;
CREATE TABLE `employee` (
  `id` int(11) NOT NULL AUTO_INCREMENT,
  `name` varchar(100) DEFAULT NULL,
  `gender_id` int(11) NOT NULL,
  `dob` date DEFAULT NULL,
  `nic` char(10) DEFAULT NULL,
  `civilstatus_id` int(11) NOT NULL,
  `address` text,
  `mobile` char(10) DEFAULT NULL,
  `land` char(10) DEFAULT NULL,
  `designation_id` int(11) NOT NULL,
  `employeestatus_id` int(11) NOT NULL,
  `email` varchar(100) DEFAULT NULL,
  `assigned` date DEFAULT NULL,
  `image` blob,
  PRIMARY KEY (`id`),
  KEY `fk_employee_gender_idx` (`gender_id`),
  KEY `fk_employee_designation1_idx` (`designation_id`),
  KEY `fk_employee_employeestatus1_idx` (`employeestatus_id`),
  KEY `fk_employee_civilstatus1_idx` (`civilstatus_id`),
  CONSTRAINT `fk_employee_civilstatus1` FOREIGN KEY (`civilstatus_id`) REFERENCES `civilstatus` (`id`) ON DELETE NO ACTION ON UPDATE NO ACTION,
  CONSTRAINT `fk_employee_designation1` FOREIGN KEY (`designation_id`) REFERENCES `designation` (`id`) ON DELETE NO ACTION ON UPDATE NO ACTION,
  CONSTRAINT `fk_employee_employeestatus1` FOREIGN KEY (`employeestatus_id`) REFERENCES `employeestatus` (`id`) ON DELETE NO ACTION ON UPDATE NO ACTION,
  CONSTRAINT `fk_employee_gender` FOREIGN KEY (`gender_id`) REFERENCES `gender` (`id`) ON DELETE NO ACTION ON UPDATE NO ACTION
) ENGINE=InnoDB AUTO_INCREMENT=7 DEFAULT CHARSET=utf8;

--
-- Dumping data for table `employee`
--

/*!40000 ALTER TABLE `employee` DISABLE KEYS */;
INSERT INTO `employee` (`id`,`name`,`gender_id`,`dob`,`nic`,`civilstatus_id`,`address`,`mobile`,`land`,`designation_id`,`employeestatus_id`,`email`,`assigned`,`image`) VALUES 
 (1,'Sahan',1,'1993-12-09','933442020V',2,'Baduraliya','0755516214','0342241230',1,1,'sahanjayakody@ymail.com','2015-04-06',0xFFD8FFE000104A46494600010101006000600000FFE1006E4578696600004D4D002A00000008000301120003000000010001000001310002000000070000003287690004000000010000003A00000000476F6F676C6500000003900000070000000430323230A00200040000000100000780A00300040000000100000438000000000000FFDB0043000201010201010202020202020202030503030303030604040305070607070706070708090B0908080A0807070A0D0A0A0B0C0C0C0C07090E0F0D0C0E0B0C0C0CFFDB004301020202030303060303060C0807080C0C0C0C0C0C0C0C0C0C0C0C0C0C0C0C0C0C0C0C0C0C0C0C0C0C0C0C0C0C0C0C0C0C0C0C0C0C0C0C0C0C0C0C0C0C0C0C0C0CFFC00011080064006403012200021101031101FFC4001F0000010501010101010100000000000000000102030405060708090A0BFFC400B5100002010303020403050504040000017D01020300041105122131410613516107227114328191A1082342B1C11552D1F02433627282090A161718191A25262728292A3435363738393A434445464748494A535455565758595A636465666768696A737475767778797A838485868788898A92939495969798999AA2A3A4A5A6A7A8A9AAB2B3B4B5B6B7B8B9BAC2C3C4C5C6C7C8C9CAD2D3D4D5D6D7D8D9DAE1E2E3E4E5E6E7E8E9EAF1F2F3F4F5F6F7F8F9FAFFC4001F0100030101010101010101010000000000000102030405060708090A0BFFC400B51100020102040403040705040400010277000102031104052131061241510761711322328108144291A1B1C109233352F0156272D10A162434E125F11718191A262728292A35363738393A434445464748494A535455565758595A636465666768696A737475767778797A82838485868788898A92939495969798999AA2A3A4A5A6A7A8A9AAB2B3B4B5B6B7B8B9BAC2C3C4C5C6C7C8C9CAD2D3D4D5D6D7D8D9DAE2E3E4E5E6E7E8E9EAF2F3F4F5F6F7F8F9FAFFDA000C03010002110311003F00FC25B7FB9F8D5A80E6AA5A9E2ACC0DC0AF6A99E0D4353494F32555C6EEA07BFA55B8D3CA23728F94FCC3D7F2ACCB59C23AFF009CD5E332BA290C7B6735DD4DAB1C35132D4D6EA8463F8BDFAE7A53517E5FC69A5F2064B12A3A9A744D93F5ADD5AE723219A1CB7E355678B72D693AE6ABCD1544E25D3A9631AE21C3550BA8319E2B6EE2DF9FF3CD50BA879AF3EB53EA7A746A98D343C37D3155248F07FA56B5C4385C7AF22A8CD0F1FED75FAD70D481EA52A85175C63E9DA8AB0D07CC76FF008515CFC8CEAE635E06C354F0B1C0AAD0F0C3F2AB319CAF15E844F22A16A23F2FFF005AB422DAF030F9B72FBF518FF1ACD8F39AB96D233F63D335DD4D9C35362DC5C81DF1C57B1FEC39FB1078EBF6FDF8E10F81FC0B6F68934709BDD5354BE768EC345B3560AD3CEEA09C16655545059D980031965F1B89F8191D38E7B62BF7DBFE0DB9F81565F0A3F60F83C60B6F0FF6F7C4ED5EEF539AE186245B5B29A4B2B685B8CEC0D1DD483D3ED2C7B8C556A9C91BADCCE952529EBB1E07F1AFFE0D50D63C39F0CA6BAF00FC60B6F16F8C2CE0F3174CD53C3E349B3D51F19F2E29FED329858E085F314A13B773C632C3F267C4FE19D47C1DE22D4B46D62C6F34BD6348BA96C6FACAEE2315C595C44E63922910F2AE8EACA54F20822BFA7EFDB77FE0A6DF0A7F606F89FF000F7C2FF102FB5886E3C7D3C821B9B3B546B7D1205912337978CD22B240247C663591B0B2B63E4E7F213FE0E65FD9FAD7E11FEDFBA7F8A2C6D56D63F88DE1E86FEFD546036A36D23DA4CC00E9BA18ED58FABB3B1C9393951AD372B4FA9588A3151E681F9CD3C593556E6DF7271CE78FAD683BE48E071ED50CA8C13FAFB574CA2998539D8C5B9839C76F5AA3776D835B577067B551B9B7C36DEEBC579F529D8F4E8D531E4B6DEE7D7BF1455C7F3233B577607A13C515CBECCEE5505B73B5D7EB56E3E4D518CE5B1F8D5C88E6B68B39EA22D42FB7B93C71572DDCB8F979F5AA51AE173DF3C0ABB6EC1010BBB757653386A7916123DAD86AFD42B2FF00829078BFE0AFFC10C3E0BB7C25D4A4D1FC69A078E8F84F54B9B55124C8627BCD463B528CBF76E94DA31C712209E23905C57C67FB0D7EC03E34FDBFB53F1969FE0BB8D220D4BC25A38D4D61BF98C4BA84AD288E3B657FBB197FDE10EE42294018A86DCBEFDFF0474FDA7BC25FB2F7C74BEF83FF00133E14B6B7AD78EBC73A269F15D5EAA19BC37AADADC4B6B6FE6DB4CA423C13DD3B0950AC9193270F9014AD66B4E9D054538BBBEA7BD7FC1DA5F0B6FB4BF8EFF0AFC64D1BB689A87876F7C3EB263290CD6D76F72549C60178EF4119FBDE53E3EE9C78EFFC17F3E2CC9E2FF137ECEFE11D426F37C53E0FF851A45DF891598996D351BFB7865920981E564DB1472907F86E10F7E3EDAFDB4BE30DC7FC1363F645FED0F8B5A0F877F696B3F1DFC64BAD6D748F105B85B2D02DAE63B8B98A0B43324FB5A1FB3BEC629B737532852A0EFF00C9BFDA8FE11FC58F8A9E03BBFDAABC5DE1FF00B27847E3278D7528EDF51170A565BF9249E768D232C64108F2AE638D9B83F6471D94B2C3C94ACDF416222D276EA782B271CD057AFE74E8CEEFE78A8C9218FD6BB743CF2BCF0EEFBBF4C7AD51B9B7FBDC7D2B51C6F6F6EC73514B6E86367C338523D877AC670B9D54EA58C47B6DCDF74FE028AB920656EACBEC0E28AE3F66772ACEC61C048C55C81F26A9C4DF2AD5A80FCC2B9E07554D4BF0C2DF2F7C55B8CF972E0F5031C76AAB6ADE70DBBB18F4AB1E5203DFD339E95DD4F6386A1E91FB307ED4FE36FD8FFE2D5978D3C0BAA9D3755B70229E0914C967AA5B96566B6B98B204B0B1552464152AAC8CAEAAC3F447E3DF8734BFF829D78234FF00DAABF67BB6FEC9F8F1F0CEF2C752F147853CB8EF2F669ED596582748DD4ADCC911841858A15BA8633115F361101FCE6FD963E1CF87FE2EFED21E05F0AF8B35BFF8477C31E20D72D6C754D4848B135ADBBC80315765644661F2ABBA945660CC0A822BF507F64BFF00825CEA1FF04CBFDA635AF8C9E24F8E163E15F867E0BB769A4960B678EF35AB094806CAFE37531A06711A84844D24922C662114BE5949ACE29DFAFE614F9ADE47CFDF0F7C5BFB497FC179B5BD2FC15AD6ADA4E9FF000E7C1B730EABAEEB91E971DA697A2F9704882E257CE65B9F25E611C21D436F766091ABCA9F61FF00C15E7C03F0CFE3DFFC112F43D5FE07F8C6DB56F00FECEBAFD8690D058CE6E2D2F24458B4C943C8557CDB843796F32CEB9491279586E12AB0C0FDB8B46F117FC14FFF00E09E563E22FD95F5699FC0F67A85EDD78C7E1CE9BA6C5A7EABABDE349E74B24C909266B805BCE36C49170255954CB2AA29FC97D3FE3578DBC31F0A75AF86B0F893C41A7F82F56D55352D5BC3A2E5E2B3B8BE806C592687A7989850430EB1A6466352AA9479DA6B4B3D89A92E4567ADCE5B958FEBD6A391F247F2A9D903230F97AF07D6A291325B3FCABBDC5F43CE88052C7B9CE734A1B65B4AA47DEC76EC0D00FEEC76E7BD0377CC57238CF5A43D8AA6D3CD39DAA68AD10B2100B5F08723EEEE7E3FEF9045151CA8D7DA338284F1F4E6AD42D82A7DEA9C5F7BF0AB911FDD8FC335E3C4F7AA6E5E8159E55DBF7AAE5AFEF643BBE5DBD8F6AA304FB250C3F975AB8D207656CE0FDECAF0467AD7753382A17974AFED2962B2F36DEDDAF1D6012DCC823823DE42EE773C2A0EA5BA0009ED5F727FC174FF006969BC79F1D7C37F0C749F173F893C33F0EF44B45BC9219D648350D5DD1CBDCBB212B248B6EF0AE496F2D9E75182CF9F8463B97172A73968C8DB81DC7B5741E3B8836B2B728A163B84049038DC3823F2C7F9CD69CA9C933172B41C4F70FF008264FEDFBAC7FC13D7F693D3FC4D1B5DDE783F5829A7F8AF4A8BE6FB6D9163FBD45E86E20DCD2447824EF8C9092BE7EBCFF838A3C01E12F8C1AE7807F688F879E2AF0BF8DBC39E23B73E10D7AFFC3DA8417B15AEA36E1E7B43726362C934F6ED380B200DB6C39038CFE64F877466D7B548A01958F76647FEE2F73F5F4F7AEABE21DAE9BE1F8E3B2D26016EB7481EE9C3B33C8B9CA46C49E808DD8F50A71C55AA6BDA29ADCC5D4FDDB8C8E6636125BB9DAA7CB2338CF718FE9491A16919523CB6DDDC027191DBF12393ED56B469D05E24253FD1CE59D08C97C293C9FC3B542353965B7F266919A1C74FEEF7E3F21C7FFAEBB4E3D45B4B6920B3959B86C6EE09C80323271D39F5FCA9F6776D6EC564557F30EDC3F439E7F5F96ACE9362F0EA6C8B22B48A0228DBBB0DC119078C71D39FA54BA2EA77A355596356B80B70876EDDC186EFBA149E73E9FCAAA2AC8993BB23D2744FED9B7693ECB249B5CA968B853D0F4FC68AEDFC0FADAC1A6DC24DAA09196E1803B9E351C2E768538DB9CE08C71D874A2AB97C8CFDA33E7489BEEFB8AB08D80455485BE4FA55A8CD7CBC0FB0A88B96ED945ABD6BB70DBC741903359D6CDC7D2AE249B82FA28AEBA6CE1A88BF633FD96ED66DA0AAB6EDBE95AD6DAF7F68A35BDC47BA393B8FE1FF003EB5831CB8386FFF00555AB790A2F195FC6BAE3668E495D1B8BAD7F61592C36ABF33F2D211D4FF008FE95025CCB7F04D24D2B48DB9492E72CC79039FA567472911ED3CAE7A1ED57ACDFF00D0245F9546E5F988E9D79ADA9EE72D4D8B160228D26924768FF74C23DA339623A1F63C8FF1E951F95E65FEC6DD8697693FC5D7F9D4B9B790C09219963500394009CE4E4FF9F4FC697ED8D14B9DAACAACF22965CE7200071F95751CC6868DE65EEAD15C43B606926C3B34BB1403818E83279E833F4AD6BB92CFC37E2392330AA986460A4738675E7AE7A67BF4E3B66B948AF192F2394ED6F2D83018C2F073D3B56BF8CA133EA10C9BBCC6B942C5B18DDF3150719C76F5F5AA46725AD8E926D66CEEA43219AC6167C165950839E990172003D7EB9A2B8B9ED1ADE52B27DEEBEA0FD0FF0085155A91ECD3D4F2F80F5AB511C05A28AF9386E7DAD42D5BF19AB307228A2BAA99C350B0876AD5B8E8A2BB6271CCB56832E3E8C7A7A293562DE5636ECA4E57729C1A28ADE1B9C75037976DDEBE8315622999ACCA9C1DAEA0123270771C7E6334515B40C59268F6D1DDEA56F1BAFCB2C8A1803EA6BA8D56F7FD0F4B530DBB36376F3102D95C9FA7247391DCF4CD1456D131A9BA3A24B3B54B6819ECECA66923572CF02E467B7007F8FBD14515A189FFD9),
 (2,'Asanka',1,'1990-06-01','564656656V',1,'Panadura','0656313213','0354641321',2,1,'asdasdaj@hskjdfs.sdfs','2016-06-07',NULL),
 (4,'Niroshan',1,'1994-01-08','940081009V',2,'aaaaaaa','0752526543',NULL,8,1,'bnpm00@gmail.com','2016-06-15',0xFFD8FFE000104A46494600010101006000600000FFE1006E4578696600004D4D002A00000008000301120003000000010001000001310002000000070000003287690004000000010000003A00000000476F6F676C6500000003900000070000000430323230A00200040000000100000780A00300040000000100000438000000000000FFDB0043000201010201010202020202020202030503030303030604040305070607070706070708090B0908080A0807070A0D0A0A0B0C0C0C0C07090E0F0D0C0E0B0C0C0CFFDB004301020202030303060303060C0807080C0C0C0C0C0C0C0C0C0C0C0C0C0C0C0C0C0C0C0C0C0C0C0C0C0C0C0C0C0C0C0C0C0C0C0C0C0C0C0C0C0C0C0C0C0C0C0C0C0CFFC00011080064006403012200021101031101FFC4001F0000010501010101010100000000000000000102030405060708090A0BFFC400B5100002010303020403050504040000017D01020300041105122131410613516107227114328191A1082342B1C11552D1F02433627282090A161718191A25262728292A3435363738393A434445464748494A535455565758595A636465666768696A737475767778797A838485868788898A92939495969798999AA2A3A4A5A6A7A8A9AAB2B3B4B5B6B7B8B9BAC2C3C4C5C6C7C8C9CAD2D3D4D5D6D7D8D9DAE1E2E3E4E5E6E7E8E9EAF1F2F3F4F5F6F7F8F9FAFFC4001F0100030101010101010101010000000000000102030405060708090A0BFFC400B51100020102040403040705040400010277000102031104052131061241510761711322328108144291A1B1C109233352F0156272D10A162434E125F11718191A262728292A35363738393A434445464748494A535455565758595A636465666768696A737475767778797A82838485868788898A92939495969798999AA2A3A4A5A6A7A8A9AAB2B3B4B5B6B7B8B9BAC2C3C4C5C6C7C8C9CAD2D3D4D5D6D7D8D9DAE2E3E4E5E6E7E8E9EAF2F3F4F5F6F7F8F9FAFFDA000C03010002110311003F00FC25B7FB9F8D5A80E6AA5A9E2ACC0DC0AF6A99E0D4353494F32555C6EEA07BFA55B8D3CA23728F94FCC3D7F2ACCB59C23AFF009CD5E332BA290C7B6735DD4DAB1C35132D4D6EA8463F8BDFAE7A53517E5FC69A5F2064B12A3A9A744D93F5ADD5AE723219A1CB7E355678B72D693AE6ABCD1544E25D3A9631AE21C3550BA8319E2B6EE2DF9FF3CD50BA879AF3EB53EA7A746A98D343C37D3155248F07FA56B5C4385C7AF22A8CD0F1FED75FAD70D481EA52A85175C63E9DA8AB0D07CC76FF008515CFC8CEAE635E06C354F0B1C0AAD0F0C3F2AB319CAF15E844F22A16A23F2FFF005AB422DAF030F9B72FBF518FF1ACD8F39AB96D233F63D335DD4D9C35362DC5C81DF1C57B1FEC39FB1078EBF6FDF8E10F81FC0B6F68934709BDD5354BE768EC345B3560AD3CEEA09C16655545059D980031965F1B89F8191D38E7B62BF7DBFE0DB9F81565F0A3F60F83C60B6F0FF6F7C4ED5EEF539AE186245B5B29A4B2B685B8CEC0D1DD483D3ED2C7B8C556A9C91BADCCE952529EBB1E07F1AFFE0D50D63C39F0CA6BAF00FC60B6F16F8C2CE0F3174CD53C3E349B3D51F19F2E29FED329858E085F314A13B773C632C3F267C4FE19D47C1DE22D4B46D62C6F34BD6348BA96C6FACAEE2315C595C44E63922910F2AE8EACA54F20822BFA7EFDB77FE0A6DF0A7F606F89FF000F7C2FF102FB5886E3C7D3C821B9B3B546B7D1205912337978CD22B240247C663591B0B2B63E4E7F213FE0E65FD9FAD7E11FEDFBA7F8A2C6D56D63F88DE1E86FEFD546036A36D23DA4CC00E9BA18ED58FABB3B1C9393951AD372B4FA9588A3151E681F9CD3C593556E6DF7271CE78FAD683BE48E071ED50CA8C13FAFB574CA2998539D8C5B9839C76F5AA3776D835B577067B551B9B7C36DEEBC579F529D8F4E8D531E4B6DEE7D7BF1455C7F3233B577607A13C515CBECCEE5505B73B5D7EB56E3E4D518CE5B1F8D5C88E6B68B39EA22D42FB7B93C71572DDCB8F979F5AA51AE173DF3C0ABB6EC1010BBB757653386A7916123DAD86AFD42B2FF00829078BFE0AFFC10C3E0BB7C25D4A4D1FC69A078E8F84F54B9B55124C8627BCD463B528CBF76E94DA31C712209E23905C57C67FB0D7EC03E34FDBFB53F1969FE0BB8D220D4BC25A38D4D61BF98C4BA84AD288E3B657FBB197FDE10EE42294018A86DCBEFDFF0474FDA7BC25FB2F7C74BEF83FF00133E14B6B7AD78EBC73A269F15D5EAA19BC37AADADC4B6B6FE6DB4CA423C13DD3B0950AC9193270F9014AD66B4E9D054538BBBEA7BD7FC1DA5F0B6FB4BF8EFF0AFC64D1BB689A87876F7C3EB263290CD6D76F72549C60178EF4119FBDE53E3EE9C78EFFC17F3E2CC9E2FF137ECEFE11D426F37C53E0FF851A45DF891598996D351BFB7865920981E564DB1472907F86E10F7E3EDAFDB4BE30DC7FC1363F645FED0F8B5A0F877F696B3F1DFC64BAD6D748F105B85B2D02DAE63B8B98A0B43324FB5A1FB3BEC629B737532852A0EFF00C9BFDA8FE11FC58F8A9E03BBFDAABC5DE1FF00B27847E3278D7528EDF51170A565BF9249E768D232C64108F2AE638D9B83F6471D94B2C3C94ACDF416222D276EA782B271CD057AFE74E8CEEFE78A8C9218FD6BB743CF2BCF0EEFBBF4C7AD51B9B7FBDC7D2B51C6F6F6EC73514B6E86367C338523D877AC670B9D54EA58C47B6DCDF74FE028AB920656EACBEC0E28AE3F66772ACEC61C048C55C81F26A9C4DF2AD5A80FCC2B9E07554D4BF0C2DF2F7C55B8CF972E0F5031C76AAB6ADE70DBBB18F4AB1E5203DFD339E95DD4F6386A1E91FB307ED4FE36FD8FFE2D5978D3C0BAA9D3755B70229E0914C967AA5B96566B6B98B204B0B1552464152AAC8CAEAAC3F447E3DF8734BFF829D78234FF00DAABF67BB6FEC9F8F1F0CEF2C752F147853CB8EF2F669ED596582748DD4ADCC911841858A15BA8633115F361101FCE6FD963E1CF87FE2EFED21E05F0AF8B35BFF8477C31E20D72D6C754D4848B135ADBBC80315765644661F2ABBA945660CC0A822BF507F64BFF00825CEA1FF04CBFDA635AF8C9E24F8E163E15F867E0BB769A4960B678EF35AB094806CAFE37531A06711A84844D24922C662114BE5949ACE29DFAFE614F9ADE47CFDF0F7C5BFB497FC179B5BD2FC15AD6ADA4E9FF000E7C1B730EABAEEB91E971DA697A2F9704882E257CE65B9F25E611C21D436F766091ABCA9F61FF00C15E7C03F0CFE3DFFC112F43D5FE07F8C6DB56F00FECEBAFD8690D058CE6E2D2F24458B4C943C8557CDB843796F32CEB9491279586E12AB0C0FDB8B46F117FC14FFF00E09E563E22FD95F5699FC0F67A85EDD78C7E1CE9BA6C5A7EABABDE349E74B24C909266B805BCE36C49170255954CB2AA29FC97D3FE3578DBC31F0A75AF86B0F893C41A7F82F56D55352D5BC3A2E5E2B3B8BE806C592687A7989850430EB1A6466352AA9479DA6B4B3D89A92E4567ADCE5B958FEBD6A391F247F2A9D903230F97AF07D6A291325B3FCABBDC5F43CE88052C7B9CE734A1B65B4AA47DEC76EC0D00FEEC76E7BD0377CC57238CF5A43D8AA6D3CD39DAA68AD10B2100B5F08723EEEE7E3FEF9045151CA8D7DA338284F1F4E6AD42D82A7DEA9C5F7BF0AB911FDD8FC335E3C4F7AA6E5E8159E55DBF7AAE5AFEF643BBE5DBD8F6AA304FB250C3F975AB8D207656CE0FDECAF0467AD7753382A17974AFED2962B2F36DEDDAF1D6012DCC823823DE42EE773C2A0EA5BA0009ED5F727FC174FF006969BC79F1D7C37F0C749F173F893C33F0EF44B45BC9219D648350D5DD1CBDCBB212B248B6EF0AE496F2D9E75182CF9F8463B97172A73968C8DB81DC7B5741E3B8836B2B728A163B84049038DC3823F2C7F9CD69CA9C933172B41C4F70FF008264FEDFBAC7FC13D7F693D3FC4D1B5DDE783F5829A7F8AF4A8BE6FB6D9163FBD45E86E20DCD2447824EF8C9092BE7EBCFF838A3C01E12F8C1AE7807F688F879E2AF0BF8DBC39E23B73E10D7AFFC3DA8417B15AEA36E1E7B43726362C934F6ED380B200DB6C39038CFE64F877466D7B548A01958F76647FEE2F73F5F4F7AEABE21DAE9BE1F8E3B2D26016EB7481EE9C3B33C8B9CA46C49E808DD8F50A71C55AA6BDA29ADCC5D4FDDB8C8E6636125BB9DAA7CB2338CF718FE9491A16919523CB6DDDC027191DBF12393ED56B469D05E24253FD1CE59D08C97C293C9FC3B542353965B7F266919A1C74FEEF7E3F21C7FFAEBB4E3D45B4B6920B3959B86C6EE09C80323271D39F5FCA9F6776D6EC564557F30EDC3F439E7F5F96ACE9362F0EA6C8B22B48A0228DBBB0DC119078C71D39FA54BA2EA77A355596356B80B70876EDDC186EFBA149E73E9FCAAA2AC8993BB23D2744FED9B7693ECB249B5CA968B853D0F4FC68AEDFC0FADAC1A6DC24DAA09196E1803B9E351C2E768538DB9CE08C71D874A2AB97C8CFDA33E7489BEEFB8AB08D80455485BE4FA55A8CD7CBC0FB0A88B96ED945ABD6BB70DBC741903359D6CDC7D2AE249B82FA28AEBA6CE1A88BF633FD96ED66DA0AAB6EDBE95AD6DAF7F68A35BDC47BA393B8FE1FF003EB5831CB8386FFF00555AB790A2F195FC6BAE3668E495D1B8BAD7F61592C36ABF33F2D211D4FF008FE95025CCB7F04D24D2B48DB9492E72CC79039FA567472911ED3CAE7A1ED57ACDFF00D0245F9546E5F988E9D79ADA9EE72D4D8B160228D26924768FF74C23DA339623A1F63C8FF1E951F95E65FEC6DD8697693FC5D7F9D4B9B790C09219963500394009CE4E4FF9F4FC697ED8D14B9DAACAACF22965CE7200071F95751CC6868DE65EEAD15C43B606926C3B34BB1403818E83279E833F4AD6BB92CFC37E2392330AA986460A4738675E7AE7A67BF4E3B66B948AF192F2394ED6F2D83018C2F073D3B56BF8CA133EA10C9BBCC6B942C5B18DDF3150719C76F5F5AA46725AD8E926D66CEEA43219AC6167C165950839E990172003D7EB9A2B8B9ED1ADE52B27DEEBEA0FD0FF0085155A91ECD3D4F2F80F5AB511C05A28AF9386E7DAD42D5BF19AB307228A2BAA99C350B0876AD5B8E8A2BB6271CCB56832E3E8C7A7A293562DE5636ECA4E57729C1A28ADE1B9C75037976DDEBE8315622999ACCA9C1DAEA0123270771C7E6334515B40C59268F6D1DDEA56F1BAFCB2C8A1803EA6BA8D56F7FD0F4B530DBB36376F3102D95C9FA7247391DCF4CD1456D131A9BA3A24B3B54B6819ECECA66923572CF02E467B7007F8FBD14515A189FFD9),
 (6,'Kamal',1,'1993-06-17','940081009V',1,'9/7/b, Karadiyana Watta, Thum','0752526543','0112641895',2,1,'bnpm00@gmail.com','2016-06-16',0xFFD8FFE000104A46494600010101006000600000FFE1006E4578696600004D4D002A00000008000301120003000000010001000001310002000000070000003287690004000000010000003A00000000476F6F676C6500000003900000070000000430323230A00200040000000100000780A00300040000000100000438000000000000FFDB0043000201010201010202020202020202030503030303030604040305070607070706070708090B0908080A0807070A0D0A0A0B0C0C0C0C07090E0F0D0C0E0B0C0C0CFFDB004301020202030303060303060C0807080C0C0C0C0C0C0C0C0C0C0C0C0C0C0C0C0C0C0C0C0C0C0C0C0C0C0C0C0C0C0C0C0C0C0C0C0C0C0C0C0C0C0C0C0C0C0C0C0C0CFFC00011080064006403012200021101031101FFC4001F0000010501010101010100000000000000000102030405060708090A0BFFC400B5100002010303020403050504040000017D01020300041105122131410613516107227114328191A1082342B1C11552D1F02433627282090A161718191A25262728292A3435363738393A434445464748494A535455565758595A636465666768696A737475767778797A838485868788898A92939495969798999AA2A3A4A5A6A7A8A9AAB2B3B4B5B6B7B8B9BAC2C3C4C5C6C7C8C9CAD2D3D4D5D6D7D8D9DAE1E2E3E4E5E6E7E8E9EAF1F2F3F4F5F6F7F8F9FAFFC4001F0100030101010101010101010000000000000102030405060708090A0BFFC400B51100020102040403040705040400010277000102031104052131061241510761711322328108144291A1B1C109233352F0156272D10A162434E125F11718191A262728292A35363738393A434445464748494A535455565758595A636465666768696A737475767778797A82838485868788898A92939495969798999AA2A3A4A5A6A7A8A9AAB2B3B4B5B6B7B8B9BAC2C3C4C5C6C7C8C9CAD2D3D4D5D6D7D8D9DAE2E3E4E5E6E7E8E9EAF2F3F4F5F6F7F8F9FAFFDA000C03010002110311003F00FC25B7FB9F8D5A80E6AA5A9E2ACC0DC0AF6A99E0D4353494F32555C6EEA07BFA55B8D3CA23728F94FCC3D7F2ACCB59C23AFF009CD5E332BA290C7B6735DD4DAB1C35132D4D6EA8463F8BDFAE7A53517E5FC69A5F2064B12A3A9A744D93F5ADD5AE723219A1CB7E355678B72D693AE6ABCD1544E25D3A9631AE21C3550BA8319E2B6EE2DF9FF3CD50BA879AF3EB53EA7A746A98D343C37D3155248F07FA56B5C4385C7AF22A8CD0F1FED75FAD70D481EA52A85175C63E9DA8AB0D07CC76FF008515CFC8CEAE635E06C354F0B1C0AAD0F0C3F2AB319CAF15E844F22A16A23F2FFF005AB422DAF030F9B72FBF518FF1ACD8F39AB96D233F63D335DD4D9C35362DC5C81DF1C57B1FEC39FB1078EBF6FDF8E10F81FC0B6F68934709BDD5354BE768EC345B3560AD3CEEA09C16655545059D980031965F1B89F8191D38E7B62BF7DBFE0DB9F81565F0A3F60F83C60B6F0FF6F7C4ED5EEF539AE186245B5B29A4B2B685B8CEC0D1DD483D3ED2C7B8C556A9C91BADCCE952529EBB1E07F1AFFE0D50D63C39F0CA6BAF00FC60B6F16F8C2CE0F3174CD53C3E349B3D51F19F2E29FED329858E085F314A13B773C632C3F267C4FE19D47C1DE22D4B46D62C6F34BD6348BA96C6FACAEE2315C595C44E63922910F2AE8EACA54F20822BFA7EFDB77FE0A6DF0A7F606F89FF000F7C2FF102FB5886E3C7D3C821B9B3B546B7D1205912337978CD22B240247C663591B0B2B63E4E7F213FE0E65FD9FAD7E11FEDFBA7F8A2C6D56D63F88DE1E86FEFD546036A36D23DA4CC00E9BA18ED58FABB3B1C9393951AD372B4FA9588A3151E681F9CD3C593556E6DF7271CE78FAD683BE48E071ED50CA8C13FAFB574CA2998539D8C5B9839C76F5AA3776D835B577067B551B9B7C36DEEBC579F529D8F4E8D531E4B6DEE7D7BF1455C7F3233B577607A13C515CBECCEE5505B73B5D7EB56E3E4D518CE5B1F8D5C88E6B68B39EA22D42FB7B93C71572DDCB8F979F5AA51AE173DF3C0ABB6EC1010BBB757653386A7916123DAD86AFD42B2FF00829078BFE0AFFC10C3E0BB7C25D4A4D1FC69A078E8F84F54B9B55124C8627BCD463B528CBF76E94DA31C712209E23905C57C67FB0D7EC03E34FDBFB53F1969FE0BB8D220D4BC25A38D4D61BF98C4BA84AD288E3B657FBB197FDE10EE42294018A86DCBEFDFF0474FDA7BC25FB2F7C74BEF83FF00133E14B6B7AD78EBC73A269F15D5EAA19BC37AADADC4B6B6FE6DB4CA423C13DD3B0950AC9193270F9014AD66B4E9D054538BBBEA7BD7FC1DA5F0B6FB4BF8EFF0AFC64D1BB689A87876F7C3EB263290CD6D76F72549C60178EF4119FBDE53E3EE9C78EFFC17F3E2CC9E2FF137ECEFE11D426F37C53E0FF851A45DF891598996D351BFB7865920981E564DB1472907F86E10F7E3EDAFDB4BE30DC7FC1363F645FED0F8B5A0F877F696B3F1DFC64BAD6D748F105B85B2D02DAE63B8B98A0B43324FB5A1FB3BEC629B737532852A0EFF00C9BFDA8FE11FC58F8A9E03BBFDAABC5DE1FF00B27847E3278D7528EDF51170A565BF9249E768D232C64108F2AE638D9B83F6471D94B2C3C94ACDF416222D276EA782B271CD057AFE74E8CEEFE78A8C9218FD6BB743CF2BCF0EEFBBF4C7AD51B9B7FBDC7D2B51C6F6F6EC73514B6E86367C338523D877AC670B9D54EA58C47B6DCDF74FE028AB920656EACBEC0E28AE3F66772ACEC61C048C55C81F26A9C4DF2AD5A80FCC2B9E07554D4BF0C2DF2F7C55B8CF972E0F5031C76AAB6ADE70DBBB18F4AB1E5203DFD339E95DD4F6386A1E91FB307ED4FE36FD8FFE2D5978D3C0BAA9D3755B70229E0914C967AA5B96566B6B98B204B0B1552464152AAC8CAEAAC3F447E3DF8734BFF829D78234FF00DAABF67BB6FEC9F8F1F0CEF2C752F147853CB8EF2F669ED596582748DD4ADCC911841858A15BA8633115F361101FCE6FD963E1CF87FE2EFED21E05F0AF8B35BFF8477C31E20D72D6C754D4848B135ADBBC80315765644661F2ABBA945660CC0A822BF507F64BFF00825CEA1FF04CBFDA635AF8C9E24F8E163E15F867E0BB769A4960B678EF35AB094806CAFE37531A06711A84844D24922C662114BE5949ACE29DFAFE614F9ADE47CFDF0F7C5BFB497FC179B5BD2FC15AD6ADA4E9FF000E7C1B730EABAEEB91E971DA697A2F9704882E257CE65B9F25E611C21D436F766091ABCA9F61FF00C15E7C03F0CFE3DFFC112F43D5FE07F8C6DB56F00FECEBAFD8690D058CE6E2D2F24458B4C943C8557CDB843796F32CEB9491279586E12AB0C0FDB8B46F117FC14FFF00E09E563E22FD95F5699FC0F67A85EDD78C7E1CE9BA6C5A7EABABDE349E74B24C909266B805BCE36C49170255954CB2AA29FC97D3FE3578DBC31F0A75AF86B0F893C41A7F82F56D55352D5BC3A2E5E2B3B8BE806C592687A7989850430EB1A6466352AA9479DA6B4B3D89A92E4567ADCE5B958FEBD6A391F247F2A9D903230F97AF07D6A291325B3FCABBDC5F43CE88052C7B9CE734A1B65B4AA47DEC76EC0D00FEEC76E7BD0377CC57238CF5A43D8AA6D3CD39DAA68AD10B2100B5F08723EEEE7E3FEF9045151CA8D7DA338284F1F4E6AD42D82A7DEA9C5F7BF0AB911FDD8FC335E3C4F7AA6E5E8159E55DBF7AAE5AFEF643BBE5DBD8F6AA304FB250C3F975AB8D207656CE0FDECAF0467AD7753382A17974AFED2962B2F36DEDDAF1D6012DCC823823DE42EE773C2A0EA5BA0009ED5F727FC174FF006969BC79F1D7C37F0C749F173F893C33F0EF44B45BC9219D648350D5DD1CBDCBB212B248B6EF0AE496F2D9E75182CF9F8463B97172A73968C8DB81DC7B5741E3B8836B2B728A163B84049038DC3823F2C7F9CD69CA9C933172B41C4F70FF008264FEDFBAC7FC13D7F693D3FC4D1B5DDE783F5829A7F8AF4A8BE6FB6D9163FBD45E86E20DCD2447824EF8C9092BE7EBCFF838A3C01E12F8C1AE7807F688F879E2AF0BF8DBC39E23B73E10D7AFFC3DA8417B15AEA36E1E7B43726362C934F6ED380B200DB6C39038CFE64F877466D7B548A01958F76647FEE2F73F5F4F7AEABE21DAE9BE1F8E3B2D26016EB7481EE9C3B33C8B9CA46C49E808DD8F50A71C55AA6BDA29ADCC5D4FDDB8C8E6636125BB9DAA7CB2338CF718FE9491A16919523CB6DDDC027191DBF12393ED56B469D05E24253FD1CE59D08C97C293C9FC3B542353965B7F266919A1C74FEEF7E3F21C7FFAEBB4E3D45B4B6920B3959B86C6EE09C80323271D39F5FCA9F6776D6EC564557F30EDC3F439E7F5F96ACE9362F0EA6C8B22B48A0228DBBB0DC119078C71D39FA54BA2EA77A355596356B80B70876EDDC186EFBA149E73E9FCAAA2AC8993BB23D2744FED9B7693ECB249B5CA968B853D0F4FC68AEDFC0FADAC1A6DC24DAA09196E1803B9E351C2E768538DB9CE08C71D874A2AB97C8CFDA33E7489BEEFB8AB08D80455485BE4FA55A8CD7CBC0FB0A88B96ED945ABD6BB70DBC741903359D6CDC7D2AE249B82FA28AEBA6CE1A88BF633FD96ED66DA0AAB6EDBE95AD6DAF7F68A35BDC47BA393B8FE1FF003EB5831CB8386FFF00555AB790A2F195FC6BAE3668E495D1B8BAD7F61592C36ABF33F2D211D4FF008FE95025CCB7F04D24D2B48DB9492E72CC79039FA567472911ED3CAE7A1ED57ACDFF00D0245F9546E5F988E9D79ADA9EE72D4D8B160228D26924768FF74C23DA339623A1F63C8FF1E951F95E65FEC6DD8697693FC5D7F9D4B9B790C09219963500394009CE4E4FF9F4FC697ED8D14B9DAACAACF22965CE7200071F95751CC6868DE65EEAD15C43B606926C3B34BB1403818E83279E833F4AD6BB92CFC37E2392330AA986460A4738675E7AE7A67BF4E3B66B948AF192F2394ED6F2D83018C2F073D3B56BF8CA133EA10C9BBCC6B942C5B18DDF3150719C76F5F5AA46725AD8E926D66CEEA43219AC6167C165950839E990172003D7EB9A2B8B9ED1ADE52B27DEEBEA0FD0FF0085155A91ECD3D4F2F80F5AB511C05A28AF9386E7DAD42D5BF19AB307228A2BAA99C350B0876AD5B8E8A2BB6271CCB56832E3E8C7A7A293562DE5636ECA4E57729C1A28ADE1B9C75037976DDEBE8315622999ACCA9C1DAEA0123270771C7E6334515B40C59268F6D1DDEA56F1BAFCB2C8A1803EA6BA8D56F7FD0F4B530DBB36376F3102D95C9FA7247391DCF4CD1456D131A9BA3A24B3B54B6819ECECA66923572CF02E467B7007F8FBD14515A189FFD9);
/*!40000 ALTER TABLE `employee` ENABLE KEYS */;


--
-- Definition of table `employeestatus`
--

DROP TABLE IF EXISTS `employeestatus`;
CREATE TABLE `employeestatus` (
  `id` int(11) NOT NULL AUTO_INCREMENT,
  `name` varchar(45) DEFAULT NULL,
  PRIMARY KEY (`id`)
) ENGINE=InnoDB AUTO_INCREMENT=3 DEFAULT CHARSET=utf8;

--
-- Dumping data for table `employeestatus`
--

/*!40000 ALTER TABLE `employeestatus` DISABLE KEYS */;
INSERT INTO `employeestatus` (`id`,`name`) VALUES 
 (1,'Working'),
 (2,'Resigned');
/*!40000 ALTER TABLE `employeestatus` ENABLE KEYS */;


--
-- Definition of table `gender`
--

DROP TABLE IF EXISTS `gender`;
CREATE TABLE `gender` (
  `id` int(11) NOT NULL AUTO_INCREMENT,
  `name` varchar(45) DEFAULT NULL,
  PRIMARY KEY (`id`)
) ENGINE=InnoDB AUTO_INCREMENT=3 DEFAULT CHARSET=utf8;

--
-- Dumping data for table `gender`
--

/*!40000 ALTER TABLE `gender` DISABLE KEYS */;
INSERT INTO `gender` (`id`,`name`) VALUES 
 (1,'Male'),
 (2,'Female');
/*!40000 ALTER TABLE `gender` ENABLE KEYS */;


--
-- Definition of table `module`
--

DROP TABLE IF EXISTS `module`;
CREATE TABLE `module` (
  `id` int(11) NOT NULL AUTO_INCREMENT,
  `name` varchar(45) DEFAULT NULL,
  PRIMARY KEY (`id`)
) ENGINE=InnoDB AUTO_INCREMENT=5 DEFAULT CHARSET=utf8;

--
-- Dumping data for table `module`
--

/*!40000 ALTER TABLE `module` DISABLE KEYS */;
INSERT INTO `module` (`id`,`name`) VALUES 
 (1,'Employee'),
 (2,'User'),
 (3,'Privilage'),
 (4,'Designation');
/*!40000 ALTER TABLE `module` ENABLE KEYS */;


--
-- Definition of table `privilage`
--

DROP TABLE IF EXISTS `privilage`;
CREATE TABLE `privilage` (
  `id` int(11) NOT NULL AUTO_INCREMENT,
  `role_id` int(11) NOT NULL,
  `module_id` int(11) NOT NULL,
  `ins` int(11) DEFAULT NULL,
  `sel` int(11) DEFAULT NULL,
  `upd` int(11) DEFAULT NULL,
  `del` int(11) DEFAULT NULL,
  PRIMARY KEY (`id`),
  KEY `fk_role_has_module_module1_idx` (`module_id`),
  KEY `fk_role_has_module_role1_idx` (`role_id`),
  CONSTRAINT `fk_role_has_module_module1` FOREIGN KEY (`module_id`) REFERENCES `module` (`id`) ON DELETE NO ACTION ON UPDATE NO ACTION,
  CONSTRAINT `fk_role_has_module_role1` FOREIGN KEY (`role_id`) REFERENCES `role` (`id`) ON DELETE NO ACTION ON UPDATE NO ACTION
) ENGINE=InnoDB AUTO_INCREMENT=6 DEFAULT CHARSET=utf8;

--
-- Dumping data for table `privilage`
--

/*!40000 ALTER TABLE `privilage` DISABLE KEYS */;
INSERT INTO `privilage` (`id`,`role_id`,`module_id`,`ins`,`sel`,`upd`,`del`) VALUES 
 (1,1,1,1,1,1,1),
 (2,1,2,1,1,1,1),
 (3,1,3,1,1,1,1),
 (4,2,1,1,1,0,0),
 (5,1,4,0,1,0,0);
/*!40000 ALTER TABLE `privilage` ENABLE KEYS */;


--
-- Definition of table `role`
--

DROP TABLE IF EXISTS `role`;
CREATE TABLE `role` (
  `id` int(11) NOT NULL AUTO_INCREMENT,
  `name` varchar(45) DEFAULT NULL,
  PRIMARY KEY (`id`)
) ENGINE=InnoDB AUTO_INCREMENT=3 DEFAULT CHARSET=utf8;

--
-- Dumping data for table `role`
--

/*!40000 ALTER TABLE `role` DISABLE KEYS */;
INSERT INTO `role` (`id`,`name`) VALUES 
 (1,'Manager'),
 (2,'Supervicer');
/*!40000 ALTER TABLE `role` ENABLE KEYS */;


--
-- Definition of table `user`
--

DROP TABLE IF EXISTS `user`;
CREATE TABLE `user` (
  `id` int(11) NOT NULL AUTO_INCREMENT,
  `employee_id` int(11) NOT NULL,
  `name` varchar(45) DEFAULT NULL,
  `password` varchar(45) DEFAULT NULL,
  `userstatus_id` int(11) NOT NULL,
  PRIMARY KEY (`id`),
  KEY `fk_user_employee1_idx` (`employee_id`),
  KEY `fk_user_userstatus1_idx` (`userstatus_id`),
  CONSTRAINT `fk_user_employee1` FOREIGN KEY (`employee_id`) REFERENCES `employee` (`id`) ON DELETE NO ACTION ON UPDATE NO ACTION,
  CONSTRAINT `fk_user_userstatus1` FOREIGN KEY (`userstatus_id`) REFERENCES `userstatus` (`id`) ON DELETE NO ACTION ON UPDATE NO ACTION
) ENGINE=InnoDB AUTO_INCREMENT=5 DEFAULT CHARSET=utf8;

--
-- Dumping data for table `user`
--

/*!40000 ALTER TABLE `user` DISABLE KEYS */;
INSERT INTO `user` (`id`,`employee_id`,`name`,`password`,`userstatus_id`) VALUES 
 (1,1,'admin','abc123',1),
 (3,2,'Asanka','8cb2237d0679ca88db6464eac60da96345513964',1),
 (4,4,'niro','8cb2237d0679ca88db6464eac60da96345513964',1);
/*!40000 ALTER TABLE `user` ENABLE KEYS */;


--
-- Definition of table `userrole`
--

DROP TABLE IF EXISTS `userrole`;
CREATE TABLE `userrole` (
  `role_id` int(11) NOT NULL,
  `user_id` int(11) NOT NULL,
  PRIMARY KEY (`role_id`,`user_id`),
  KEY `fk_role_has_user_user1_idx` (`user_id`),
  KEY `fk_role_has_user_role1_idx` (`role_id`),
  CONSTRAINT `fk_role_has_user_role1` FOREIGN KEY (`role_id`) REFERENCES `role` (`id`) ON DELETE NO ACTION ON UPDATE NO ACTION,
  CONSTRAINT `fk_role_has_user_user1` FOREIGN KEY (`user_id`) REFERENCES `user` (`id`) ON DELETE NO ACTION ON UPDATE NO ACTION
) ENGINE=InnoDB DEFAULT CHARSET=utf8;

--
-- Dumping data for table `userrole`
--

/*!40000 ALTER TABLE `userrole` DISABLE KEYS */;
INSERT INTO `userrole` (`role_id`,`user_id`) VALUES 
 (2,1),
 (2,3),
 (2,4);
/*!40000 ALTER TABLE `userrole` ENABLE KEYS */;


--
-- Definition of table `userstatus`
--

DROP TABLE IF EXISTS `userstatus`;
CREATE TABLE `userstatus` (
  `id` int(11) NOT NULL AUTO_INCREMENT,
  `name` varchar(45) DEFAULT NULL,
  PRIMARY KEY (`id`)
) ENGINE=InnoDB AUTO_INCREMENT=4 DEFAULT CHARSET=utf8;

--
-- Dumping data for table `userstatus`
--

/*!40000 ALTER TABLE `userstatus` DISABLE KEYS */;
INSERT INTO `userstatus` (`id`,`name`) VALUES 
 (1,'Initializing'),
 (2,'Suspend'),
 (3,'Pending');
/*!40000 ALTER TABLE `userstatus` ENABLE KEYS */;




/*!40101 SET SQL_MODE=@OLD_SQL_MODE */;
/*!40014 SET FOREIGN_KEY_CHECKS=@OLD_FOREIGN_KEY_CHECKS */;
/*!40014 SET UNIQUE_CHECKS=@OLD_UNIQUE_CHECKS */;
/*!40101 SET CHARACTER_SET_CLIENT=@OLD_CHARACTER_SET_CLIENT */;
/*!40101 SET CHARACTER_SET_RESULTS=@OLD_CHARACTER_SET_RESULTS */;
/*!40101 SET COLLATION_CONNECTION=@OLD_COLLATION_CONNECTION */;
/*!40101 SET CHARACTER_SET_CLIENT=@OLD_CHARACTER_SET_CLIENT */;
