-- MySQL Administrator dump 1.4
--
-- ------------------------------------------------------
-- Server version	5.5.10


/*!40101 SET @OLD_CHARACTER_SET_CLIENT=@@CHARACTER_SET_CLIENT */;
/*!40101 SET @OLD_CHARACTER_SET_RESULTS=@@CHARACTER_SET_RESULTS */;
/*!40101 SET @OLD_COLLATION_CONNECTION=@@COLLATION_CONNECTION */;
/*!40101 SET NAMES utf8 */;

/*!40014 SET @OLD_UNIQUE_CHECKS=@@UNIQUE_CHECKS, UNIQUE_CHECKS=0 */;
/*!40014 SET @OLD_FOREIGN_KEY_CHECKS=@@FOREIGN_KEY_CHECKS, FOREIGN_KEY_CHECKS=0 */;
/*!40101 SET @OLD_SQL_MODE=@@SQL_MODE, SQL_MODE='NO_AUTO_VALUE_ON_ZERO' */;


--
-- Create schema sanasa
--

CREATE DATABASE IF NOT EXISTS sanasa;
USE sanasa;

--
-- Definition of table `account`
--

DROP TABLE IF EXISTS `account`;
CREATE TABLE `account` (
  `id` int(11) NOT NULL AUTO_INCREMENT,
  `smember_id` int(11) NOT NULL,
  `accounttype_id` int(11) NOT NULL,
  `balance` decimal(15,2) DEFAULT NULL,
  `availablebalance` decimal(15,2) DEFAULT NULL,
  `no` varchar(5) DEFAULT NULL,
  `docreate` date DEFAULT NULL,
  `doclosing` date DEFAULT NULL,
  `lastupdate` date DEFAULT NULL,
  `accountstatus_id` int(11) NOT NULL,
  PRIMARY KEY (`id`),
  KEY `fk_account_accounttype1_idx` (`accounttype_id`),
  KEY `fk_account_accountstatus1_idx` (`accountstatus_id`),
  KEY `fk_account_smember1_idx` (`smember_id`),
  CONSTRAINT `fk_account_accountstatus1` FOREIGN KEY (`accountstatus_id`) REFERENCES `accountstatus` (`id`) ON DELETE NO ACTION ON UPDATE NO ACTION,
  CONSTRAINT `fk_account_accounttype1` FOREIGN KEY (`accounttype_id`) REFERENCES `accounttype` (`id`) ON DELETE NO ACTION ON UPDATE NO ACTION,
  CONSTRAINT `fk_account_smember1` FOREIGN KEY (`smember_id`) REFERENCES `smember` (`id`) ON DELETE NO ACTION ON UPDATE NO ACTION
) ENGINE=InnoDB AUTO_INCREMENT=8 DEFAULT CHARSET=utf8;

--
-- Dumping data for table `account`
--

/*!40000 ALTER TABLE `account` DISABLE KEYS */;
INSERT INTO `account` (`id`,`smember_id`,`accounttype_id`,`balance`,`availablebalance`,`no`,`docreate`,`doclosing`,`lastupdate`,`accountstatus_id`) VALUES 
 (1,132,1,NULL,NULL,'1235','2017-02-15',NULL,NULL,1),
 (2,54,1,NULL,NULL,'274','2017-02-21',NULL,NULL,1),
 (3,54,3,NULL,NULL,'274','2017-02-22',NULL,NULL,1),
 (4,54,2,NULL,NULL,'274','2017-02-22',NULL,NULL,1),
 (5,54,4,NULL,NULL,'274','2017-02-22',NULL,NULL,1),
 (6,54,5,NULL,NULL,'274','2017-02-21',NULL,NULL,1),
 (7,54,6,NULL,NULL,'274','2017-02-22',NULL,NULL,1);
/*!40000 ALTER TABLE `account` ENABLE KEYS */;


--
-- Definition of table `accountpayment`
--

DROP TABLE IF EXISTS `accountpayment`;
CREATE TABLE `accountpayment` (
  `id` int(11) NOT NULL AUTO_INCREMENT,
  `account_id` int(11) NOT NULL,
  `voucher_no` varchar(15) DEFAULT NULL,
  `accountpaymenttype_id` int(11) NOT NULL,
  `amount` decimal(15,2) DEFAULT NULL,
  `date` date DEFAULT NULL,
  `employee_id` int(11) NOT NULL,
  PRIMARY KEY (`id`),
  KEY `fk_accountpayment_account1_idx` (`account_id`),
  KEY `fk_accountpayment_accountpaymenttype1_idx` (`accountpaymenttype_id`),
  KEY `fk_accountpayment_employee1_idx` (`employee_id`),
  CONSTRAINT `fk_accountpayment_account1` FOREIGN KEY (`account_id`) REFERENCES `account` (`id`) ON DELETE NO ACTION ON UPDATE NO ACTION,
  CONSTRAINT `fk_accountpayment_accountpaymenttype1` FOREIGN KEY (`accountpaymenttype_id`) REFERENCES `accountpaymenttype` (`id`) ON DELETE NO ACTION ON UPDATE NO ACTION,
  CONSTRAINT `fk_accountpayment_employee1` FOREIGN KEY (`employee_id`) REFERENCES `employee` (`id`) ON DELETE NO ACTION ON UPDATE NO ACTION
) ENGINE=InnoDB DEFAULT CHARSET=utf8;

--
-- Dumping data for table `accountpayment`
--

/*!40000 ALTER TABLE `accountpayment` DISABLE KEYS */;
/*!40000 ALTER TABLE `accountpayment` ENABLE KEYS */;


--
-- Definition of table `accountpaymenttype`
--

DROP TABLE IF EXISTS `accountpaymenttype`;
CREATE TABLE `accountpaymenttype` (
  `id` int(11) NOT NULL AUTO_INCREMENT,
  `name` varchar(45) DEFAULT NULL,
  PRIMARY KEY (`id`)
) ENGINE=InnoDB AUTO_INCREMENT=4 DEFAULT CHARSET=utf8;

--
-- Dumping data for table `accountpaymenttype`
--

/*!40000 ALTER TABLE `accountpaymenttype` DISABLE KEYS */;
INSERT INTO `accountpaymenttype` (`id`,`name`) VALUES 
 (1,'තැන්පතු'),
 (2,'ගැනීම්'),
 (3,'පොළී');
/*!40000 ALTER TABLE `accountpaymenttype` ENABLE KEYS */;


--
-- Definition of table `accountstatus`
--

DROP TABLE IF EXISTS `accountstatus`;
CREATE TABLE `accountstatus` (
  `id` int(11) NOT NULL AUTO_INCREMENT,
  `name` varchar(45) DEFAULT NULL,
  PRIMARY KEY (`id`)
) ENGINE=InnoDB AUTO_INCREMENT=3 DEFAULT CHARSET=utf8;

--
-- Dumping data for table `accountstatus`
--

/*!40000 ALTER TABLE `accountstatus` DISABLE KEYS */;
INSERT INTO `accountstatus` (`id`,`name`) VALUES 
 (1,'ක්‍රියාකාරී'),
 (2,'අහෝසි ');
/*!40000 ALTER TABLE `accountstatus` ENABLE KEYS */;


--
-- Definition of table `accounttype`
--

DROP TABLE IF EXISTS `accounttype`;
CREATE TABLE `accounttype` (
  `id` int(11) NOT NULL AUTO_INCREMENT,
  `accounttypecategory_id` int(11) NOT NULL,
  `name` varchar(45) DEFAULT NULL,
  `min` decimal(8,2) DEFAULT NULL,
  `interest` decimal(5,2) DEFAULT NULL,
  `accounttypestatus_id` int(11) NOT NULL,
  PRIMARY KEY (`id`),
  KEY `fk_accounttype_accounttypecategory1_idx` (`accounttypecategory_id`),
  KEY `fk_accounttype_accounttypestatus1_idx` (`accounttypestatus_id`),
  CONSTRAINT `fk_accounttype_accounttypecategory1` FOREIGN KEY (`accounttypecategory_id`) REFERENCES `accounttypecategory` (`id`) ON DELETE NO ACTION ON UPDATE NO ACTION,
  CONSTRAINT `fk_accounttype_accounttypestatus1` FOREIGN KEY (`accounttypestatus_id`) REFERENCES `accounttypestatus` (`id`) ON DELETE NO ACTION ON UPDATE NO ACTION
) ENGINE=InnoDB AUTO_INCREMENT=7 DEFAULT CHARSET=utf8;

--
-- Dumping data for table `accounttype`
--

/*!40000 ALTER TABLE `accounttype` DISABLE KEYS */;
INSERT INTO `accounttype` (`id`,`accounttypecategory_id`,`name`,`min`,`interest`,`accounttypestatus_id`) VALUES 
 (1,1,'සාමාන්‍ය ගිණුම්','500.00','6.00',1),
 (2,1,'ළමා තැන්පතු','1000.00','9.00',1),
 (3,2,'ධන ආයෝජන','5000.00','9.00',1),
 (4,2,'ස්ථාවර තැන්පතු','5000.00','10.00',1),
 (5,2,'ක්ෂණික ස්ථාවර තැන්පතු','10000.00','15.00',1),
 (6,2,'සවිය තැන්පතු','2500.00','6.00',1);
/*!40000 ALTER TABLE `accounttype` ENABLE KEYS */;


--
-- Definition of table `accounttypecategory`
--

DROP TABLE IF EXISTS `accounttypecategory`;
CREATE TABLE `accounttypecategory` (
  `id` int(11) NOT NULL AUTO_INCREMENT,
  `name` varchar(45) DEFAULT NULL,
  PRIMARY KEY (`id`)
) ENGINE=InnoDB AUTO_INCREMENT=3 DEFAULT CHARSET=utf8;

--
-- Dumping data for table `accounttypecategory`
--

/*!40000 ALTER TABLE `accounttypecategory` DISABLE KEYS */;
INSERT INTO `accounttypecategory` (`id`,`name`) VALUES 
 (1,'ඉතිරි කිරීමේ ගිණුම්'),
 (2,'ස්ථිර තැන්පතු');
/*!40000 ALTER TABLE `accounttypecategory` ENABLE KEYS */;


--
-- Definition of table `accounttypestatus`
--

DROP TABLE IF EXISTS `accounttypestatus`;
CREATE TABLE `accounttypestatus` (
  `id` int(11) NOT NULL AUTO_INCREMENT,
  `name` varchar(45) DEFAULT NULL,
  PRIMARY KEY (`id`)
) ENGINE=InnoDB AUTO_INCREMENT=3 DEFAULT CHARSET=utf8;

--
-- Dumping data for table `accounttypestatus`
--

/*!40000 ALTER TABLE `accounttypestatus` DISABLE KEYS */;
INSERT INTO `accounttypestatus` (`id`,`name`) VALUES 
 (1,'Available'),
 (2,'Not-Available');
/*!40000 ALTER TABLE `accounttypestatus` ENABLE KEYS */;


--
-- Definition of table `attendance`
--

DROP TABLE IF EXISTS `attendance`;
CREATE TABLE `attendance` (
  `id` int(11) NOT NULL AUTO_INCREMENT,
  `meeting_id` int(11) NOT NULL,
  `smember_id` int(11) NOT NULL,
  `attendancetype_id` int(11) NOT NULL,
  `reason` text,
  PRIMARY KEY (`id`),
  KEY `fk_smember_has_meeting_meeting2_idx` (`meeting_id`),
  KEY `fk_smember_has_meeting_smember2_idx` (`smember_id`),
  KEY `fk_attendance_attendancetype1_idx` (`attendancetype_id`),
  CONSTRAINT `fk_attendance_attendancetype1` FOREIGN KEY (`attendancetype_id`) REFERENCES `attendancetype` (`id`) ON DELETE NO ACTION ON UPDATE NO ACTION,
  CONSTRAINT `fk_smember_has_meeting_meeting2` FOREIGN KEY (`meeting_id`) REFERENCES `meeting` (`id`) ON DELETE NO ACTION ON UPDATE NO ACTION,
  CONSTRAINT `fk_smember_has_meeting_smember2` FOREIGN KEY (`smember_id`) REFERENCES `smember` (`id`) ON DELETE NO ACTION ON UPDATE NO ACTION
) ENGINE=InnoDB DEFAULT CHARSET=utf8;

--
-- Dumping data for table `attendance`
--

/*!40000 ALTER TABLE `attendance` DISABLE KEYS */;
/*!40000 ALTER TABLE `attendance` ENABLE KEYS */;


--
-- Definition of table `attendancetype`
--

DROP TABLE IF EXISTS `attendancetype`;
CREATE TABLE `attendancetype` (
  `id` int(11) NOT NULL AUTO_INCREMENT,
  `name` varchar(45) DEFAULT NULL,
  PRIMARY KEY (`id`)
) ENGINE=InnoDB AUTO_INCREMENT=4 DEFAULT CHARSET=utf8;

--
-- Dumping data for table `attendancetype`
--

/*!40000 ALTER TABLE `attendancetype` DISABLE KEYS */;
INSERT INTO `attendancetype` (`id`,`name`) VALUES 
 (1,'පැමිණි'),
 (2,'නොපැමිණි'),
 (3,'දන්වා නොපැමිණි');
/*!40000 ALTER TABLE `attendancetype` ENABLE KEYS */;


--
-- Definition of table `civilstatus`
--

DROP TABLE IF EXISTS `civilstatus`;
CREATE TABLE `civilstatus` (
  `id` int(11) NOT NULL AUTO_INCREMENT,
  `name` varchar(45) DEFAULT NULL,
  PRIMARY KEY (`id`)
) ENGINE=InnoDB AUTO_INCREMENT=3 DEFAULT CHARSET=utf8;

--
-- Dumping data for table `civilstatus`
--

/*!40000 ALTER TABLE `civilstatus` DISABLE KEYS */;
INSERT INTO `civilstatus` (`id`,`name`) VALUES 
 (1,'Married'),
 (2,'Unmarried');
/*!40000 ALTER TABLE `civilstatus` ENABLE KEYS */;


--
-- Definition of table `commiteemember`
--

DROP TABLE IF EXISTS `commiteemember`;
CREATE TABLE `commiteemember` (
  `smember_id` int(11) NOT NULL,
  `meeting_id` int(11) NOT NULL,
  PRIMARY KEY (`smember_id`,`meeting_id`),
  KEY `fk_smember_has_meeting_meeting1_idx` (`meeting_id`),
  KEY `fk_smember_has_meeting_smember1_idx` (`smember_id`),
  CONSTRAINT `fk_smember_has_meeting_meeting1` FOREIGN KEY (`meeting_id`) REFERENCES `meeting` (`id`) ON DELETE NO ACTION ON UPDATE NO ACTION,
  CONSTRAINT `fk_smember_has_meeting_smember1` FOREIGN KEY (`smember_id`) REFERENCES `smember` (`id`) ON DELETE NO ACTION ON UPDATE NO ACTION
) ENGINE=InnoDB DEFAULT CHARSET=utf8;

--
-- Dumping data for table `commiteemember`
--

/*!40000 ALTER TABLE `commiteemember` DISABLE KEYS */;
/*!40000 ALTER TABLE `commiteemember` ENABLE KEYS */;


--
-- Definition of table `commonaccount`
--

DROP TABLE IF EXISTS `commonaccount`;
CREATE TABLE `commonaccount` (
  `id` int(11) NOT NULL AUTO_INCREMENT,
  `commonaccountsubcategory_id` int(11) NOT NULL,
  `name` varchar(45) DEFAULT NULL,
  `balance` decimal(20,2) DEFAULT '0.00',
  PRIMARY KEY (`id`),
  KEY `fk_commonaccount_commonaccountsubcategory1_idx` (`commonaccountsubcategory_id`),
  CONSTRAINT `fk_commonaccount_commonaccountsubcategory1` FOREIGN KEY (`commonaccountsubcategory_id`) REFERENCES `commonaccountsubcategory` (`id`) ON DELETE NO ACTION ON UPDATE NO ACTION
) ENGINE=InnoDB AUTO_INCREMENT=94 DEFAULT CHARSET=utf8;

--
-- Dumping data for table `commonaccount`
--

/*!40000 ALTER TABLE `commonaccount` DISABLE KEYS */;
INSERT INTO `commonaccount` (`id`,`commonaccountsubcategory_id`,`name`,`balance`) VALUES 
 (9,1,'අතේ ඇති මුදල','15550.00'),
 (10,2,'ලංකා බැංකුව','0.00'),
 (11,2,'ග්‍රාමීය බැංකුව','0.00'),
 (12,2,'මහජන බැංකුව','0.00'),
 (13,2,'දිස්. සං. සාමාන්‍ය තැන්පතු','0.00'),
 (14,2,'සංවර්ධන බැංකු තැන්පතු 1','0.00'),
 (15,2,'සංවර්ධන බැංකු තැන්පතු 2','0.00'),
 (16,3,'ග්‍රාමීය බැංකු ස්ථාවර තැන්පතු','0.00'),
 (17,3,'දිස්ත්‍රික් සංගම් ස්ථාවර තැන්පතු','0.00'),
 (18,3,'මහජන බැංකු ස්ථාවර තැන්පතු','0.00'),
 (19,4,'සාමාන්‍ය ණය','10000.00'),
 (20,4,'ඉඩම් ණය','2500.00'),
 (21,4,'උත්සව ණය','0.00'),
 (22,4,'ක්ෂණික ණය','1500.00'),
 (23,5,'සංවර්ධන බැංකු කොටස්','0.00'),
 (24,5,'දිස්ත්‍රික් සංගම් කොටස්','0.00'),
 (25,5,'මහජන බැංකු කොටස්','0.00'),
 (26,6,'ලැබිය යුතු පොළිය','0.00'),
 (27,7,'ගොඩනැගිලි','0.00'),
 (28,7,'උපකරණ','0.00'),
 (29,7,'පරිඝණක','0.00'),
 (30,7,'ඉඩම්','0.00'),
 (31,7,'කම්බි වැට','0.00'),
 (32,7,'තාප්පය හා දැල් වැට','0.00'),
 (33,7,'ලිඳ','0.00'),
 (34,8,'සාමාජික සාමාන්‍ය තැන්පතු','0.00'),
 (35,8,'ධනායෝජන තැන්පතු','0.00'),
 (36,8,'ක්ෂණික ස්ථාවර තැන්පතු','0.00'),
 (37,8,'සවිය තැන්පතු','0.00'),
 (38,8,'ස්ථාවර තැන්පතු','0.00'),
 (39,9,'පිට තැන්පතු','0.00'),
 (40,9,'ළමා තැන්පතු','0.00'),
 (41,10,'ගෙවිය යුතු තැන්පතු පොළිය','0.00'),
 (42,10,'ගෙ.යු. සමූපකාර අරමුදල','0.00'),
 (43,10,'සේවක පාරිතෝෂික දීමනා','0.00'),
 (44,10,'පාවිච්චි කරන ලද අරමුදල','0.00'),
 (45,10,'නිවාස සංවර්ධන අධිකාරිය','0.00'),
 (46,10,'සුභ සාධන අරමුදල','0.00'),
 (47,10,'සේවක ඇප','0.00'),
 (48,10,'ආපදා අරමුදල','0.00'),
 (49,10,'අඩමාන ණය වෙන් කිරීම','0.00'),
 (50,10,'උපකරණ සංචිතය','0.00'),
 (51,11,'සාමාජික කොටස්','500.00'),
 (52,12,'ව්‍යවස්ථාපිත සංචිතය','0.00'),
 (53,13,'ඉතිරි ලාභය','0.00'),
 (54,14,'සාමාජික ණය පොළිය','0.00'),
 (55,14,'උත්සව ණය පොළිය','0.00'),
 (56,14,'ක්ෂණික ණය පොළිය','200.00'),
 (57,15,'ග්‍රාමීය බැංකු ස්ථාවර පොළිය','0.00'),
 (58,15,'දිස්.සංගම් සාමාන්‍ය තැන්පතු පොළිය','0.00'),
 (59,15,'දිස්.සංගම් ස්ථාවර තැන්පතු පොළිය','0.00'),
 (60,15,'සංවර්ධන බැංකු පොළිය','0.00'),
 (61,15,'මහජන බැංකු පොළිය','0.00'),
 (62,16,'ඇතුලත්වීමේ ගාස්තු','0.00'),
 (63,17,'සාමාජික සාමාන්‍ය තැන්පතු පොළිය','0.00'),
 (64,17,'පිට තැන්පතු පොළිය','0.00'),
 (65,17,'සවිය තැන්පතු පොළිය','0.00'),
 (66,17,'ළමා තැන්පතු පොළිය','0.00'),
 (67,17,'ක්ෂණික ස්ථාවර තැන්පතු පොළිය','0.00'),
 (68,17,'ධනායෝජන තැන්පතු පොළිය','0.00'),
 (69,18,'දිස්ත්‍රික් සංගම් ණය','0.00'),
 (70,19,'සේවක වැටුප්','0.00'),
 (71,19,'සේ.අ.අ. - 20%','0.00'),
 (72,19,'සේ.නි.භා.අ. - 3%','0.00'),
 (73,20,'ලිපි ද්‍රව්‍ය','0.00'),
 (74,20,'තැපැල්','0.00'),
 (75,20,'විදුලි','0.00'),
 (76,20,'දුරකතන','0.00'),
 (77,20,'රක්ෂණ','0.00'),
 (78,20,'නඩත්තු','0.00'),
 (79,20,'සංග්‍රහ','0.00'),
 (80,20,'ගමන්','0.00'),
 (81,21,'සුභසාධන වියදම්','0.00'),
 (82,21,'චාරිකා වැය','0.00'),
 (83,21,'වෙනත් වැය','0.00'),
 (84,21,'දිස්ත්‍රික් සංගම් දායකය','0.00'),
 (85,22,'උපකරණ','0.00'),
 (86,22,'පරිඝණක','0.00'),
 (87,22,'ගොඩනැගිලි','0.00'),
 (88,22,'ළිඳ','0.00'),
 (89,22,'කම්බි වැට','0.00'),
 (90,22,'තාප්පය හා දැල් වැට','0.00'),
 (91,23,'සමූපකාර අරමුදල','0.00'),
 (92,23,'බැංකු ගාස්තු','0.00'),
 (93,23,'අඩමාන ණය','0.00');
/*!40000 ALTER TABLE `commonaccount` ENABLE KEYS */;


--
-- Definition of table `commonaccountcategory`
--

DROP TABLE IF EXISTS `commonaccountcategory`;
CREATE TABLE `commonaccountcategory` (
  `id` int(11) NOT NULL AUTO_INCREMENT,
  `name` varchar(45) CHARACTER SET utf8 DEFAULT NULL,
  PRIMARY KEY (`id`)
) ENGINE=InnoDB AUTO_INCREMENT=6 DEFAULT CHARSET=latin1;

--
-- Dumping data for table `commonaccountcategory`
--

/*!40000 ALTER TABLE `commonaccountcategory` DISABLE KEYS */;
INSERT INTO `commonaccountcategory` (`id`,`name`) VALUES 
 (1,'වත්කම් ගිණුම්'),
 (2,'වගකීම් ගිණුම්'),
 (3,'හිමිකම් ගිණුම්'),
 (4,'ආදායම් ගිණුම්'),
 (5,'වියදම් ගිණුම්');
/*!40000 ALTER TABLE `commonaccountcategory` ENABLE KEYS */;


--
-- Definition of table `commonaccountsubcategory`
--

DROP TABLE IF EXISTS `commonaccountsubcategory`;
CREATE TABLE `commonaccountsubcategory` (
  `id` int(11) NOT NULL AUTO_INCREMENT,
  `commonaccountcategory_id` int(11) NOT NULL,
  `name` varchar(45) DEFAULT NULL,
  PRIMARY KEY (`id`),
  KEY `fk_commonaccountsubcategory_commonaccountcategory1_idx` (`commonaccountcategory_id`),
  CONSTRAINT `fk_commonaccountsubcategory_commonaccountcategory1` FOREIGN KEY (`commonaccountcategory_id`) REFERENCES `commonaccountcategory` (`id`) ON DELETE NO ACTION ON UPDATE NO ACTION
) ENGINE=InnoDB AUTO_INCREMENT=24 DEFAULT CHARSET=utf8;

--
-- Dumping data for table `commonaccountsubcategory`
--

/*!40000 ALTER TABLE `commonaccountsubcategory` DISABLE KEYS */;
INSERT INTO `commonaccountsubcategory` (`id`,`commonaccountcategory_id`,`name`) VALUES 
 (1,1,'මුදල් ගිණුම'),
 (2,1,'බැංකු මුදල්'),
 (3,1,'ස්ථාවර තැන්පතු'),
 (4,1,'සාමාජික ණය'),
 (5,1,'මූල්‍ය ආයෝජන - කොටස්'),
 (6,1,'වෙනත් වත්කම්'),
 (7,1,'ස්ථාවර වත්කම්'),
 (8,2,'සාමාජික තැන්පතු'),
 (9,2,'සාමාජික නොවන තැන්පතු'),
 (10,2,'විවිධ වගකීම්'),
 (11,3,'සාමාජික කොටස්'),
 (12,3,'ව්‍යවස්ථාපිත සංචිතය'),
 (13,3,'ඉතිරි ලාභය'),
 (14,4,'පොලී ආදායම'),
 (15,4,'ආයෝජන ආදායම්'),
 (16,4,'වෙනත් ආදායම්'),
 (17,5,'ගෙවූ තැන්පතු පොළිය'),
 (18,5,'ගෙවූ ණය පොළිය'),
 (19,5,'කාර්ය්‍ය මණ්ඩල පිරිවැය'),
 (20,5,'ආයතන වියදම්'),
 (21,5,'විවිධ මෙහෙයුම් වියදම්'),
 (22,5,'ක්ෂය වීම්'),
 (23,5,'මූල්‍ය වියදම්');
/*!40000 ALTER TABLE `commonaccountsubcategory` ENABLE KEYS */;


--
-- Definition of table `commonaccounttransaction`
--

DROP TABLE IF EXISTS `commonaccounttransaction`;
CREATE TABLE `commonaccounttransaction` (
  `id` int(11) NOT NULL AUTO_INCREMENT,
  `voucher_no` varchar(15) CHARACTER SET latin1 DEFAULT NULL,
  `amount` decimal(19,2) DEFAULT NULL,
  `date` varchar(255) CHARACTER SET latin1 DEFAULT NULL,
  `remarks` longtext,
  `commonaccount_id` int(11) NOT NULL,
  `commonaccounttransactiontype_id` int(11) NOT NULL,
  `employee_id` int(11) NOT NULL,
  PRIMARY KEY (`id`),
  KEY `FK_405rof0m3nk1xw4b47di7wf3n` (`commonaccount_id`),
  KEY `FK_c6k7fe9hwqqohhsrd0bwijjbh` (`commonaccounttransactiontype_id`),
  KEY `FK_sowf57492ap6b8cwq1732ph5q` (`employee_id`),
  CONSTRAINT `FK_405rof0m3nk1xw4b47di7wf3n` FOREIGN KEY (`commonaccount_id`) REFERENCES `commonaccount` (`id`),
  CONSTRAINT `FK_c6k7fe9hwqqohhsrd0bwijjbh` FOREIGN KEY (`commonaccounttransactiontype_id`) REFERENCES `commonaccounttransactiontype` (`id`),
  CONSTRAINT `FK_sowf57492ap6b8cwq1732ph5q` FOREIGN KEY (`employee_id`) REFERENCES `employee` (`id`)
) ENGINE=InnoDB AUTO_INCREMENT=257 DEFAULT CHARSET=utf8;

--
-- Dumping data for table `commonaccounttransaction`
--

/*!40000 ALTER TABLE `commonaccounttransaction` DISABLE KEYS */;
INSERT INTO `commonaccounttransaction` (`id`,`voucher_no`,`amount`,`date`,`remarks`,`commonaccount_id`,`commonaccounttransactiontype_id`,`employee_id`) VALUES 
 (201,'12532','5000.00','2017-03-20','274 : වයි.පී. සුමිත්',9,1,1),
 (202,'12532','250.00','2017-03-21','274 : වයි.පී. සුමිත්',10,2,1),
 (203,'12532','250.00','2017-03-21','274 : වයි.පී. සුමිත්',52,2,1),
 (204,'12532','4500.00','2017-03-21','274 : වයි.පී. සුමිත්',57,2,1),
 (205,'878','1100.00','2017-03-20','117 : ඩබ්ලිව්.ඒ. සෝමවීර',9,1,1),
 (206,'878','1100.00','2017-03-21','117 : ඩබ්ලිව්.ඒ. සෝමවීර',40,2,1),
 (207,'9865','2500.00','2017-03-22','177 : ඊ.ඒ. සිරියාවතී',9,1,1),
 (208,'9865','2500.00','2017-03-22','177 : ඊ.ඒ. සිරියාවතී',9,1,1),
 (209,'9865','2500.00','2017-03-22','177 : ඊ.ඒ. සිරියාවතී',9,1,1),
 (210,'9865','2500.00','2017-03-22','177 : ඊ.ඒ. සිරියාවතී',9,1,1),
 (211,'9865','2500.00','2017-03-22','177 : ඊ.ඒ. සිරියාවතී',9,1,1),
 (212,'9865','2500.00','2017-03-22','177 : ඊ.ඒ. සිරියාවතී',9,1,1),
 (213,'9865','2500.00','2017-03-22','177 : ඊ.ඒ. සිරියාවතී',9,1,1),
 (214,'9865','2500.00','2017-03-22','177 : ඊ.ඒ. සිරියාවතී',9,1,1),
 (215,'9865','2500.00','2017-03-20','177 : ඊ.ඒ. සිරියාවතී',9,1,1),
 (216,'9865','2500.00','2017-03-22','177 : ඊ.ඒ. සිරියාවතී',9,1,1),
 (217,'9865','2500.00','2017-03-22','177 : ඊ.ඒ. සිරියාවතී',9,1,1),
 (218,'9865','2500.00','2017-03-22','177 : ඊ.ඒ. සිරියාවතී',9,1,1),
 (219,'9865','2500.00','2017-03-22','177 : ඊ.ඒ. සිරියාවතී',9,1,1),
 (220,'9865','2500.00','2017-03-22','177 : ඊ.ඒ. සිරියාවතී',9,1,1),
 (221,'9865','2500.00','2017-03-22','177 : ඊ.ඒ. සිරියාවතී',9,1,1),
 (222,'9865','2500.00','2017-03-22','177 : ඊ.ඒ. සිරියාවතී',9,1,1),
 (223,'9865','2500.00','2017-03-22','177 : ඊ.ඒ. සිරියාවතී',9,1,1),
 (224,'9865','2500.00','2017-03-22','177 : ඊ.ඒ. සිරියාවතී',9,1,1),
 (225,'9865','2500.00','2017-03-22','177 : ඊ.ඒ. සිරියාවතී',9,1,1),
 (226,'9865','2500.00','2017-03-22','177 : ඊ.ඒ. සිරියාවතී',9,1,1),
 (227,'9865','2500.00','2017-03-22','177 : ඊ.ඒ. සිරියාවතී',9,1,1),
 (228,'9865','2500.00','2017-03-22','177 : ඊ.ඒ. සිරියාවතී',9,1,1),
 (229,'9865','2500.00','2017-03-22','177 : ඊ.ඒ. සිරියාවතී',9,1,1),
 (230,'9865','2500.00','2017-03-22','177 : ඊ.ඒ. සිරියාවතී',9,1,1),
 (231,'9865','2500.00','2017-03-22','177 : ඊ.ඒ. සිරියාවතී',9,1,1),
 (232,'9865','2500.00','2017-03-22','177 : ඊ.ඒ. සිරියාවතී',9,1,1),
 (233,'9865','2500.00','2017-03-22','177 : ඊ.ඒ. සිරියාවතී',9,1,1),
 (234,'9865','2500.00','2017-03-22','177 : ඊ.ඒ. සිරියාවතී',9,1,1),
 (235,'9865','2500.00','2017-03-22','177 : ඊ.ඒ. සිරියාවතී',9,1,1),
 (236,'9865','2500.00','2017-03-22','177 : ඊ.ඒ. සිරියාවතී',9,1,1),
 (237,'9865','2500.00','2017-03-22','177 : ඊ.ඒ. සිරියාවතී',9,1,1),
 (238,'9865','2500.00','2017-03-22','177 : ඊ.ඒ. සිරියාවතී',9,1,1),
 (239,'9865','2500.00','2017-03-22','177 : ඊ.ඒ. සිරියාවතී',9,1,1),
 (240,'9865','2500.00','2017-03-22','177 : ඊ.ඒ. සිරියාවතී',9,1,1),
 (241,'9865','2500.00','2017-03-22','177 : ඊ.ඒ. සිරියාවතී',9,1,1),
 (242,'9865','2500.00','2017-03-22','177 : ඊ.ඒ. සිරියාවතී',9,1,1),
 (243,'9865','2500.00','2017-03-22','177 : ඊ.ඒ. සිරියාවතී',9,1,1),
 (244,'9865','2500.00','2017-03-22','177 : ඊ.ඒ. සිරියාවතී',9,1,1),
 (245,'9865','2500.00','2017-03-22','177 : ඊ.ඒ. සිරියාවතී',9,1,1),
 (246,'9865','2500.00','2017-03-22','177 : ඊ.ඒ. සිරියාවතී',9,1,1),
 (247,'9865','2500.00','2017-03-22','177 : ඊ.ඒ. සිරියාවතී',9,1,1),
 (248,'9865','2500.00','2017-03-22','177 : ඊ.ඒ. සිරියාවතී',9,1,1),
 (249,'9865','2500.00','2017-03-22','177 : ඊ.ඒ. සිරියාවතී',9,1,1),
 (250,'9865','2500.00','2017-03-22','177 : ඊ.ඒ. සිරියාවතී',9,1,1),
 (251,'9865','2500.00','2017-03-22','177 : ඊ.ඒ. සිරියාවතී',9,1,1),
 (252,'9865','2500.00','2017-03-22','177 : ඊ.ඒ. සිරියාවතී',9,1,1),
 (253,'9865','2500.00','2017-03-22','177 : ඊ.ඒ. සිරියාවතී',9,1,1),
 (254,'9865','2500.00','2017-03-22','177 : ඊ.ඒ. සිරියාවතී',9,1,1),
 (255,'9865','2500.00','2017-03-22','177 : ඊ.ඒ. සිරියාවතී',9,1,1),
 (256,'9865','2500.00','2017-03-22','177 : ඊ.ඒ. සිරියාවතී',9,1,1);
/*!40000 ALTER TABLE `commonaccounttransaction` ENABLE KEYS */;


--
-- Definition of table `commonaccounttransactiontype`
--

DROP TABLE IF EXISTS `commonaccounttransactiontype`;
CREATE TABLE `commonaccounttransactiontype` (
  `id` int(11) NOT NULL AUTO_INCREMENT,
  `name` varchar(255) DEFAULT NULL,
  PRIMARY KEY (`id`)
) ENGINE=InnoDB AUTO_INCREMENT=3 DEFAULT CHARSET=utf8;

--
-- Dumping data for table `commonaccounttransactiontype`
--

/*!40000 ALTER TABLE `commonaccounttransactiontype` DISABLE KEYS */;
INSERT INTO `commonaccounttransactiontype` (`id`,`name`) VALUES 
 (1,'හර'),
 (2,'බැර');
/*!40000 ALTER TABLE `commonaccounttransactiontype` ENABLE KEYS */;


--
-- Definition of table `designation`
--

DROP TABLE IF EXISTS `designation`;
CREATE TABLE `designation` (
  `id` int(11) NOT NULL AUTO_INCREMENT,
  `name` varchar(45) DEFAULT NULL,
  PRIMARY KEY (`id`)
) ENGINE=InnoDB AUTO_INCREMENT=9 DEFAULT CHARSET=utf8;

--
-- Dumping data for table `designation`
--

/*!40000 ALTER TABLE `designation` DISABLE KEYS */;
INSERT INTO `designation` (`id`,`name`) VALUES 
 (1,'Manager'),
 (2,'Lecture'),
 (3,'Senior Lecture'),
 (4,'Junior Lecture'),
 (5,'MD'),
 (7,'Department Manager'),
 (8,'Receptionist');
/*!40000 ALTER TABLE `designation` ENABLE KEYS */;


--
-- Definition of table `employee`
--

DROP TABLE IF EXISTS `employee`;
CREATE TABLE `employee` (
  `id` int(11) NOT NULL AUTO_INCREMENT,
  `name` varchar(100) DEFAULT NULL,
  `gender_id` int(11) NOT NULL,
  `dob` date DEFAULT NULL,
  `nic` char(10) DEFAULT NULL,
  `civilstatus_id` int(11) NOT NULL,
  `address` text,
  `mobile` char(10) DEFAULT NULL,
  `land` char(10) DEFAULT NULL,
  `designation_id` int(11) NOT NULL,
  `employeestatus_id` int(11) NOT NULL,
  `email` varchar(100) DEFAULT NULL,
  `assigned` date DEFAULT NULL,
  `image` blob,
  PRIMARY KEY (`id`),
  KEY `fk_employee_gender_idx` (`gender_id`),
  KEY `fk_employee_designation1_idx` (`designation_id`),
  KEY `fk_employee_employeestatus1_idx` (`employeestatus_id`),
  KEY `fk_employee_civilstatus1_idx` (`civilstatus_id`),
  CONSTRAINT `fk_employee_civilstatus1` FOREIGN KEY (`civilstatus_id`) REFERENCES `civilstatus` (`id`) ON DELETE NO ACTION ON UPDATE NO ACTION,
  CONSTRAINT `fk_employee_designation1` FOREIGN KEY (`designation_id`) REFERENCES `designation` (`id`) ON DELETE NO ACTION ON UPDATE NO ACTION,
  CONSTRAINT `fk_employee_employeestatus1` FOREIGN KEY (`employeestatus_id`) REFERENCES `employeestatus` (`id`) ON DELETE NO ACTION ON UPDATE NO ACTION,
  CONSTRAINT `fk_employee_gender` FOREIGN KEY (`gender_id`) REFERENCES `gender` (`id`) ON DELETE NO ACTION ON UPDATE NO ACTION
) ENGINE=InnoDB AUTO_INCREMENT=6 DEFAULT CHARSET=utf8;

--
-- Dumping data for table `employee`
--

/*!40000 ALTER TABLE `employee` DISABLE KEYS */;
INSERT INTO `employee` (`id`,`name`,`gender_id`,`dob`,`nic`,`civilstatus_id`,`address`,`mobile`,`land`,`designation_id`,`employeestatus_id`,`email`,`assigned`,`image`) VALUES 
 (1,'Admin',1,'1993-12-09','933442020V',2,'Baduraliya','0755516214','0342241230',1,1,'sahanjayakody@ymail.com','2015-04-06',0xFFD8FFE000104A46494600010100000100010000FFE1006C45786966000049492A0008000000030012010300010000000100000031010200070000003200000069870400010000003A00000000000000476F6F676C650000030000900700040000003032323002A0040001000000C800000003A0040001000000C800000000000000FFDB00430001010101010101010101010101010101010101010101010101010101010101010101010101010101010101010101010101010101010101010101010101010101FFDB00430101010101010101010101010101010101010101010101010101010101010101010101010101010101010101010101010101010101010101010101010101010101FFC000110800C800C803011100021101031101FFC4001F0000010501010101010100000000000000000102030405060708090A0BFFC400B5100002010303020403050504040000017D01020300041105122131410613516107227114328191A1082342B1C11552D1F02433627282090A161718191A25262728292A3435363738393A434445464748494A535455565758595A636465666768696A737475767778797A838485868788898A92939495969798999AA2A3A4A5A6A7A8A9AAB2B3B4B5B6B7B8B9BAC2C3C4C5C6C7C8C9CAD2D3D4D5D6D7D8D9DAE1E2E3E4E5E6E7E8E9EAF1F2F3F4F5F6F7F8F9FAFFC4001F0100030101010101010101010000000000000102030405060708090A0BFFC400B51100020102040403040705040400010277000102031104052131061241510761711322328108144291A1B1C109233352F0156272D10A162434E125F11718191A262728292A35363738393A434445464748494A535455565758595A636465666768696A737475767778797A82838485868788898A92939495969798999AA2A3A4A5A6A7A8A9AAB2B3B4B5B6B7B8B9BAC2C3C4C5C6C7C8C9CAD2D3D4D5D6D7D8D9DAE2E3E4E5E6E7E8E9EAF2F3F4F5F6F7F8F9FAFFDA000C03010002110311003F00FE7E6D6DF0C778F4C64F7E7D0FD3AF7C62BFA9252BE89FA9F879BF6D02E5557A700607D718C7A56606925BB7F11FBB8CE3DF27B77FFF00573401AD043BBF87D31C7D7DB39CFA7F8D528BBAD1EFDBFE002DCD24B7F9576AF3F5E38FEB5BAA51BAF7BAF91A28C53BDFF145D8AD43751E9EE7BFE5FA73ED5B97CCBBAFBFFE096E3B5FE1C77196E7DFAF4A01C9775F79763B7666E7A60718CFAFD3FC8E7DB4F67E7F87FC133F68FCBF1FF32F0B53B14AAF39FC7F4F7A3D9F9FE1FF00041CDD9EDFD7CC53627E5CFCBEFF00A7F2EDFF00D6AD0E4244B6F2FB13D3D3B7D3A52BA6B74D793D3EF06ADABD3CDE84CC8FFC38A5CB17B7E0DBD43A7374EFD3EFD86B465BB1FCB8AA8C2C9F74AEFCF7E97D071DD7AA163B51B7A7A75FC7E9CFE3F8506E325B362F9DBE9F964F6FF3E955CB2EDF8A0226B1666FC7BFE593ED520402C9973F2EFF00F3EF8A00516A7B285FC47FF5FF00C9A00AB2DAB05E14FF00BBF9FF00F5FB7EB41CE5030BEE3B97FDDE3EBEFCFF00F5FDF140137D9C329DABB7A7CBFAF6F7A9E48F6FC5814E4B7FF678FD3F518EFF005FC28E48F6FC58155AD777CBB723D7A7E19A4E11B3D3A3EACA49DD68F75D088D9AAE42FAAFCB9EDCFD7AF5A9E55FCCBFAF99D3CEFCBEEFF82655D5BFFB3E9FE7D7DBEB57C91EDF8B2799F77F7BFF0033918E1FBBFE3FE474FF0039AF2446B5AC7C2EEF6EA3D8FE3CFE27F4A695DA5E9F8FFC38EDAFDDF8F537238FE5FBBE9D3F1F4E7FA56FECA2B5E6DB5E9D0B718D9EBF8A34E0878F9B3BB8FA77F7C75F4EFEF5D0719A7047F20F94F41D33EFE9C53B3F2FFC097F98D6EBD57E66A416BF777AEDF4EBF9F7E9C7F9E6B66D34ECEFA3FC8DCBA205DD8195FF0027BF5CFF008D287C2BE7F9B39AEB6BAB9762B7FBBBFAFF00FAFBFB1FD6A8669476FB02FCBF97FF005B8FFEB7A52BADEEACF677DC6937AA4DFA16C5AEF5FB89DBF104773FFD6FC6A9C5B5256BD93BA4D3BF975D7CB7FBC4DA8DDC9F2A5AB6F47F2BF5EC59B2F0FEA3AACEB0E9F637375229E7C98E590479FF009EBE575FF3D4D7819BF1164590616A56CD71F87C1C141B745D5A6ABF5BDA8CA519B7D52B5DF4D77F5F2AC9337CEA51865D81AD8984E4A31A9569548D26DBF865349C6D7EB75BDCEFE7F833E22B7B18EF6F2EB44B0DC624FB3DCEA9691DC47E667FD6F5E0E7A723A926BF26A7F481F0E218BFECE866199F3393FDEAC13E55ADB59735ADE77F9A3F437E0EF1ABC13C44B0B808A8439DE15E2D72A4927A2B735FCBFA5C8DFF0082F5FD2E3926BCD2EE5ADE1710B5F431FDA34FE73FBDFB7DB79D0F5C7E75FA5E4DC77C399DA5F52CD72FF6526946789C5D1A18B9B7B455073BDF5DB7BEC8F8DC7707F11E029FB4C465955C237BCB0D4EA558A4B7778C5AB2F5D95CC582056C7E1D876CF4FD4D7D946519479A328CA3FCD169C7CB55A6D6FBCF9892709724D384FF00926B965F73D4B31D92F3D7B77E9D47AFF2A775A3E8F54FBAEEBBA0B3DECFEE0160ADBBE53F363FAFFF00AF81D28BAB6EACF4DC15DEAB5F35A917D897D3F97F8D4B827B69FD7A9579F9FDDFF00AB258ED76FC39C7B9E738EE4D270F3FEBEF20AF2DA2ED1F2F4C0FF3C9F4F4A8B3F2FF00C097F9818D259B1C0DBDBFAFB63FCFAD6CF67E8FF202B2C3B57F2EF8FF001FE5D2B01732EEBEFF00F8244213BB9FBB9EDD7AFB9F4FC6B66D59EAB67D57F98292BE8D5FD515CC27E6F97D3F3E7EBF97E38EF59B83B3BAD3AEA8BE7977FC1119854FF9FF000C567C91EDF8B24C79ED774871EDFE4F5E954071B6F0EDF9769ED8C647AFA77FC3F135E5455EDEB2BFCD23A1FC2BFC5FAC4D7B7817763E9FD7FCF4FF00EBEDEC96EA57765A69D2D6EBDD2346A367AF4B6EBA5ADF91B705AEEF5EDF37E66BA7925DBF14719B10DAAE17E5FF0038FF003FD7BD57B3F3FC3FE081B105A6DFE1F41DFE99FAFD71F955382B3B2D7D58AEBBAFBCD416FF0030DEA1477C7D7DFF00C8A708D936DD9F6FBC1ECFD193C766BCB6D1FED73DB9C673FE7D7D299817E0B3F99772F1EFF97B9E98FE757C89A766DAB37A2BDEF7BDACF5EA745D6DCC974D5FE0CD48E15381B4EE5C7CBF5CFF003EFF008FE18D5AF86C0E19E2B133A74F0D49DF9EA49420A51D6CE4F457F37DCD30D471189AEB07858F3559A6A108ABD44DE9CCA1AB71F3B5AD71F61E22F0058EE9B5BF11E8FE64773F678F4EFB460DC5C47FEB62965B58669F30E79FB35B7A67B57F2CF889E3C55C356C7E53C21453AA9B862B32929D29E1EB59A8BC1CB58568A767CDF3BB3F7AE0EF0A2954A586C6F12B8CEFEF7D5138D4855D9AF6BB4A2F656BDFD6C7AE687F14BC33790DBDBE948964D2C3B2CE18B4BBB93ED1E5CA63FB57936D0DDCE7C8C7FC7ADCDBFF003AFE48CFB32E24CFB14B1B9E66F5F36AD76E53C65551718B6FE1E5E5E6697C3E9B6973FA1F28C0E5F95E17EA595E02861E845276846D66B6D1A7ABF96A5ED7749F1478CECE4867F0ABCB6F1BDBED66D46FE3B3D52DD33D2D62BDD1EFA0B81077B9B6EFDCD7814E387A357DAC6AC9EA959E97969A3D744DBDFE7B1E94A955AA9B7AA6ACEF6D53BDD597E8FCC7783B46F17688D79A7E83A3DB69D66863852DB52FB7C773E6C99177179BAADE7FC7C4027FB4DB7DA726EECF38AD6A59578632957A980C5D092AB4A5856E4A35159C5F3376BF56EDBEB631A5395352C23C3D3961E4A5CF06936D37AA6B5767FD5B4BFA0C1E0DD0F55B2934DD53C39A2FF6B408EFFDA5677F1697F64BCF33FD162BA96DAF6F6082DE7FF4AE6E0FEB5FA064DE31788FC33CB8BAF9DE2B3CC23694B0189ABFBB9463A2E654E1CCBDDB6AD9F2B99F879C179F42A7B4CAE860313CB272C5D08375169EF4A1CCECE57774BBDADDCF90BC43AF69DE1AF115C78735A87FB26E7ED22282D2E6F223249FF5EB7F29874AD57DFF00B36E8DE7FD39FAFF004E707FD2330998D2C24F8B72F8E574EAA8D3A1FD98AA62EEE4AD7AC9EB0D776F6D7D0FC4788FC18C461232ADC3D984B1D4A31729431CE961A5657BC5412BB6ADA2EAECB734AD2E2D6F62596C664B88DBAAC3FEB23F2BFE594B11C4D0E7F97AD7F45E4FC459267F47DAE558EC3D7D1354655692AD676775493E67BEAADE5BDCFC7331C9B35CAA4A38CC156A1052B39C29CE50BFF8DC6DAF7D6E48C3720CFF009E71E9F4AF6F6D1EEFBEE796E724ECDD9DAF6D3EF2BE3EF2776C7F9FF0E29F2B77B26F4E8BBDAEBE5722EAD7BE82189513EEEDDBFE7B73FE7B9A8E48F6FC593CEBCFEEFF00825096DF3D147E15453B59EABE1BEFDFFE1CCD92C767FCB3FF003FAFF9FCEA7923DBF166052363D3FCF63EDD7F5A3923DBF16033EC7F2FCC9E847E5D39FD2A8DEEBBAFBCA72D8B7DEC11C8EBC7F9E6819912599DFBBEE9F4FF00EB0FE59FAF5A05CCBBAFBFFE09C2DA43D1997B8FEBFAFE38AF1E8AF767E7FE476C5AE57AF7FC8DE8213B9777CBFE3FE7A66BA610567F2F99C6741696BEBF32E47BE7AFD7FF00AFFCF7037ADAD7FD91FF00D6E7AF3F97E140A4F47E699B105AECCF6C7A63DFFCFF009E2B925DBF146068C76CC76E71F8FD3FCE7FC2ABD9F9FE1FF04E86D2BEAB48A7BAEB6FF32DA59B27F00E71F4EBD7BD5421D1FDAD2DBF95B4F533537AAD35D2FDB55AEE4E56DAC6DE6BDBC9A0B5B3B787CEB8BA99FCBB7B78E3FF005B2C92F583C9EBFE78E7C663B0595E0ABE3B1F89583C361A4A0DB718ABB4FDDF79C57369A2D1FE37DF0983AD8FAB1C1E0E83C4E25BF75B4F477F8AE97C2ADBF4EB6D52F98BC47F16F58F18EA57BA0FC3E58A0D060F305D789BED1F679350823961B5962B0CC30CF019E79FFD1B9FC0648AFE3BF157C51AD9EFD6729CBB1357099450A979FB3BC678A92BD9CE2D3BC65A5DC5DB67E67F48700F01E1F298E1B31C6518E27369C54799AE6542326B4849593F9AD34D3B6DF80BE0E5D5EDE5BCD6DA2DCEA32DA3DB4C63B6BC4924E3CBFDF4B1DD43FBFF003E7E45ADB0EA4F5AFE69C666D0716E2E36B3B6A9A6F45BEAEEF7FF0086B1FB9E1F2C7A5E2D7E9D7B595BD2DE7A9F7AFC3CF86D67A6811AE8D730993CA6BAD3F5B82DB4F963E7F7915AEA961FBF80F9FF00F3F36DF8D7C9E2330F6AB6BDB7B6BD7BFA79F43DFC260553B3DF9B46DDBFAD7CBD0F6DF13E87636D616AB25D4DA5C2A91FD9DA1D42EEF24F324F2BCA8A39229A51E441D315E5C6AFB4A9D574D6E95FBDDECBFAEE7AF3C353852BC6DDF7EAEDDFA6FDCF3BB9D2A6B5B14BFB5D4B5B5FB420863BEB392D7EC927980930CB24D0CD6335C41FF1F3FE93DF26D2BA13C4525752524DEB677ECFFAEABF2C234B07523CD692ABB5F95F2DB6DF6F9766CF0FF1D4DAD49637963A9DB5E7886EB4FDFF0067D72C678B43F14E9F3C929F37F7BE48B1D57FFD79E3AFA786AE97C4EC9EE9DBE1D2EADD6FB6A79F89C0DD5E8AF855EDB2F36FBFDDEA8FCE3F8C33CB3CF74B75E29F10C37ED61E4CF65AF6951799A860E6DA5FDE4F0C13883FE3DAEBAF5FF42FF43E47DC6493A12E682A54FD8C96C9FBCBBB515D77FEB6F8DCCE857D3DAA947FBD676EAAFDB6FF00867B3F9C7C37F15FC7BE06D4D64D2B5BBCBEB158E069B4CBABDBB92DE4F2C9114D6D27FC7C404E4DBF273D78E323F4EC8B155722C561B34CA2B54C3D7C3A4DC60DA55E29DDAAAB5B76B25777F23E3B32C2D3CC70B88C0E31FB7A13972C6538AE68B6ACA71B6F6D3EE4F5B9FA9DF097C756FE3FF09C3AEDDDBBDA492721A102F2093AE3CD962267B7B883FE5EAD7ECDD4D7F4AF0AF8C995E6AE186CE22B098E9B514D465CB27A27ACDADDDCFC53887C34C760EF8ACBFF00DAA834EEDEF67AED15D3D7F13D0ADA1B7B81E75ACC9347C7CCA7D3E879F5EF9E95FB3E171B84C652F6B84C4292D13516B5BA7A3B3EB7FC5B3F2DC560B1582A9EC6BE19435BF34934FB68EDBAD76F5B5F424974F0DF7947B2F4FCCE48E9E833CFA673D56FEEB57B2BBE97B6BB187B35AEAF6FF2F2E9FD6E516B555F948F9BD7FCF7F7A8312AC96CDD1BE6FD7E9D48A00AC2CD59785F9BF0EF9FF0FE9401425B56453B972323DFFC3B7E34014027CADBB7F51FD7D7BFF4CD069CF269E9D127BE9B6BF815E6B65DA3783B8FF87BD06679ADB5BEDC7AFE7EA3F4FD7F2AE1A3F0BFEBAB3A36D3A9D25959EE5DDB7FDDEFEFCFAFBF35B5D3D9DC2E96EEC6DC56EA8BCFA0E9F43CD017BEDA9AF691B7DD5F6E9E873FA71E9C574194DDDE9AE9FE66F416FF002AEE07B7CA7A7FFAFB67F5EB4106BC56EDB7E5F9BA76FA9FEBD28034D6CD594349FBB58F0EC5CF97E5F943D3DF3F4A8AB56186A552BD69A853A31752755B4941453774DB69B56D15FCBAE9BD0A33AF28C29C1CEA4DA54E16769C9B568CAC9B49ECDFA9F9E9F19FE286A5F113C629E08F09DD3B782F4D97ECD7D716327EF759BD8E5C4B2F9B1E01F3FF00E3DF4CB6ED687ED7FF002FBCFF001EF8A7E204B88B175F0185AD279461A4FDAD16F969E36B41B51C44D759C1AD395DBC8FE8FF000F7845653878E2F158784B31C5A525CAB9D612125FC3A6D7D992DEEAE7A97C2EF07DD43692476FA24325BC53E6C6D6F24FDEDC7398F30C5E7CFF00EBE1FB567ECDD083D6BF96F3BCC7DAD469D6937671B756B64BD12EBDBA9FD0592E56D24FD8C52F8BCA3E8FFABF6B1EFDA078CBC59A66AAD6B79A768EBE4C321162F1C42590C91FFAD8AC3C9FB767B5A9B8BAC73CE2BE75C28CA96BB2DD3D37FF0087D7F2EDEF7B2A919D97BCACF58AE6DBD2FF0075AECFAF3C1BE24D375ED3EDEF042F6F7D6F1885EE2DA4D42E2E2E24E668A5963BA8BFE580FF00A76FB1E6BCEAB4E3AFB17A2D65DEDFD7CEC6B49BE5B38B4B6574D3D3D76DBF3EE47AC6B52D9CCEA92EABAC5BDD4C937D8AE44623F33D65F2A1844371CD551A746A26DB4BD6CBF3B7F9935BDAC2CA376DAF7ACB4EFF00D7FC0B1E5DADF8B7C4B0DAC962B6FAF47609E67FC4B74E8E293CB9398BFD2A2B587C89FCFF00387FC7D739F6EBE851A14AD7BAB68D3D3CBFAB9C53AF5D4551516D6AF5B6FD3A74ECDFE08E534CD3BC49E238D64B59359B48EDDE48DB647619F2F9FDD482FE6F3E7FDC7FC7C9FCCE4724EA61A9B5ED2CF54B4B36BEEDADFD3EDD186862EA45B49DACECBEE7DBEEE9D6E794FC46F84736B1A2CD36A2A9796BBF646CF776B7FE5C983E6F952C73620B69FA7BD7660730A585C45E9DE2ADABD3A7EBBE9D37F335C5E5B2C4E1546AC5C9BE8D6ADF9A4BBE9DB6BEFA7C71E25F81D2E932DA9B8D16E6D7EDD0BB433F973450491B83E5C919CCD38CFB0381D466BED7019FA9C2725897A2E6B277D12D74F3EDF9DB4F8ACCB239518FFBABB3BABDA5A37B3BE9EBABBDCFB4FF00666F02DD7C3EB7D574DF145B14FB75B46F1A7DA3ECF1EB165716A65FDECD6B345FBFCFAFD8EF6CEEF83CD7066199569D7C363B055E7CD4F55AD9A6ADAE9D7F3EDA98E17094E961E787AB7B38B4BDDBEB2D7AF5BFFC139EB2F14E91A17C4CBCF0D691ADCBA868BA84CED6EB7DFF001F967E7CDFEAAEA519F3FC898FD9AEAEBB0C5E6EE6BFACFC1CE3A962E186C1E35A7896A316A727FBED92A92BFDA5D2CADB27D59F83F88DC374DD39E22826DC14A4ED1D34F4EEB6FCCFA15AD73C91B918A8539E71CFF5FA647B75FEAA84BDA257949DD5D6DAE97D1FF95FBA3F9F65782DE4B569DD75BEDE5AF9F9F42ACB66BBB77F5F7FF24F359D9F67F7333294B6B18F9B6FF9FD7DFF00C68B3ECFEE60546B35EAABC7BFF91C7BD167D9FDCC0CB9AD9BE6EFD36FD39FF3FA66901922D4217DC841DABBBCCCFF00B5C7BF5E466B4B3BAD1FC6DFE46B4BE07E8BFF006D29C96DF30E36F7FF003DFF00CFD4D459F67F73323CE2CEDDBA7BFF003C8FF3FE35CB087BB2BE8EDEBDCE8A8EF57CB57F7AFF0086FBCE8AD216DB96F6E9EBCFF8D3A74F47D3A5EDBDAE97E0739BF6D67BBE6D9C7D3EBFE7A569ECFCFF000FF825C6D69EBD34FCBF536ECECFE6FB9E9FAE7BFF005EDEF5A106FDBDBA2FCC531D3E6FCFB7FF005FB5349BD937E880D7B6B7FBBFECE39E7DFE9FE7A669A7AA6F656E6FF0A6837D168DF57B7CCF96BF6BAF8A1FF0827822CFC25A5DE3DA6BFE397B889E78A4F2E4B3F0E59F1A9C9E71FF00502F679ADB4EB63FF5F9ED9FC87C5FE26965192CB29C2493C4663EFC3DE71FDCEBCFCCD3F75DBBDBD6C7E91E1B647FDA598FF68577FECB815C926D26A75BA7237A4ADDD7E07CD9FB3C7C2EF1478E6E34D1A2697E66A13289AC34E4FDC4B25B897FD6C9792CF0C1633CF38EF938CFAD7F08F12E6B47070973F2EB7B493BA527ABFC6FFA9FD6FC2D94D6C5CD7B14DBEB1B6B65A2D356924979F53F452CBE087ED076FA4AC9E12F87DAA4D6F2462D9F599ADE2B8BDF2B98A596D25B5FB6D97EFF00FF0048FF005FCAAA63F0952AFB6A95672B6AB4DDEFFD757F97EBB84C87318526A9D18BE92576AEBAAD15ECB4B7A3F33DBFE167ECEDF1BACE131EB9E15D63498E5F2E6B896EECED6E24BC924CE3CD9659AF3D7FE5DEDFBFFA65E7AF0633358CEDEC54B5D366ADDBFAEB6F91EF65DC395AAC5F3D3A5875BBE595D5F7B59F9DD5FA5EE8FA5C7ECE7AD496F1CD796BAC36A90C2FE4A5B66CE48BFE995AC56D67FB9B7F5C8E7A63B579B1CCAB41F2B8C9DDD9B49DF5F95BFADD1E9AE16A52A6FDA59A69D9E96BFAAD3D34D7F3A13FC17F8936F688D79A5DCC90DA6198DCCF0C8F1C59F36288451413F18FFA79F615B7D7BC9BD16F1F4FEBBFDC737FAA33925C96F9C92D2F6EABEEEE70D27C0FF14EA13FDBE1885C4DFBB9AEAE2E639BECFF00BB8FFE3D621E4987FD7FFCFC7FF5EBAA19AB745AB38F97DDAAFEBBA3CFADC29529CA5F6AC9D9DD5EDF7AB7CAD75AF73DCBC19F00758D61F46D36EB4BD12D6E5AF237D4AE1238ADFCBFDD1F34DAC914567E45C5941DB3FF005F849E993C62A8A567AA4ED6EFBA7F7DBA1585C92AD151767CBCC95DAD396EB7D3AEFBA3D78FECDBA1DA58CD3C9A5D86A17D2798FE6EB16635416F1C7DAD7CCFDFC1EF75F69E9FA704F1388A71D2BB6B5BABA775A68F6F4EF7D7A1EF7F67E13925CF45276F774DA7F66DADBCF7BFE47CCDF123E00E937BA34F15C59A2DA696F78D2EC907DB648E48BF77E57EE3FD06DE09FECB73FE8D73EBD79ADB2BCDA71C4B8BBA8CBDD776F67A3BF6B7E77F23C3CCF27753092E5B3714E4FCAC9DBA3F93F2B687E6AFC51F1F5AF87D625BB9BECB25C5A5C68F6F790C9E5C726B1A345398BED3E5FF00A8FB6D8C3C7D33EB5FABE5145E26824AEF9B676D75EABF4B69B697DBF14CDBFD92A4BA36DAF9ECAF7575DB5B74D8FCB1F1BFC52D4A3F193F88EDEE53CE8A58DE35C6F3E593FBCB5BAE27E900BAC1B73CFF002FD6B86673CA2BE131F45F2D5C272F3B778B9415AFAFDEADFE5A7E7999AA78DA15F0D5796D566E0A5A35EF37ADDF9F5E8B53F6CFE1D6A5178BFE1E7837C4F033B7F6CF87B4BBF919FCB93E792DA2F33F7B0FFAFF00DF9E9FD6BFBF3873318E6792E538F5671C461AE9EAED2B256D5DD3BE8AFEBD4FE52CF305F54CCB35C0EFEC7117875E65A3BC7F996FAC7637AE6C4A83FC4DC6D18FE7C7F3FF00EBD7D09E4DDAB75EF64FFE098520F98AB2BF6E4FE39FF278F6A062F96BE5EEC151FD7F9FFF005CF7EB49B4F4BAD7CD09B4F4BAD7CD19B246A73FC4DC7F5F7CE7F4FA1AC5528A69F3F5F233E55FCCBF0FF332E5B3279099FA73FE7FCFAD6E6A62DCDB7418DAB9FF0013F4CE3FCF14B99775F7FF00C11732EEBEFF00F8279C5B42FBBE5519E3B73DFD3FFAF5E5C3E197A7F98A4D59ABABD9FE474B696BB71B9704FF002C91FE7F3E6B487C2FD3FF006E462751041F2AE179FEEFE5F5EFFF00EBA606E5940CAB9DBD875FC7D7F0FA5577FF000C7FF6D036E2B3DCA13FF1DEA7F9E7FA7BE6B6A4BDC9F9FF009171DA5E9FA3366D34F625772FCBD7827FDAF7F4E9EFEF8AC572AD67A422EF51BE90BC6F76F4E8C869B4D59BE656B759792EEEFDAE7E38FC7EF137FC2CFF00DA5F50D25EDBFB6744F084D6DE1BD274B8DC47F69B8D2F3757D2F9B1FF00CBB0BE9AE720E707B63AFF001AF8AF9DFF0068E7B8F50947D96064E8615DEF074ED69D9DDAB6FB5FFCBFA5F80F2A583C9305876ACB1696267A59C5C6CD2968ECED6B27AFE9FBC5FF0004E1F809677FE19B8F1EF8AEDE1B8D4356BC1696B1A79B1D9E9FA7C5C4B6B6911F260EB30B6C7D7DEBF8C78D71FED311F555B2939795D3FD6DA6FAF43FADFC3BC0AF62F14EE9F2A8A76F7AD64B55F8F5D7F0FDDCF0E78574B290E9F6D0C30C56E22458E14F2A3B78F9F2E3F2BE9EBEDC735F0F4FF7928F6BADFB2695FF000FE91FB2613DC8C9D9BBAD6D1BDAFBF4FBFC8F64D27C18F222A450A5D7C83CC91E3E7CBFE5DB3F4FCEBDFA3818D54ECB9AEB74AF6DADB7F5F2B9956C651C3C651765169A5DEEEF64F576EDB3FD0D11E03B16B892792DED91DE08FCCE927084C517031C77E3B0C0EB5DB4F2A4A3676BDFCBEFDBE5D34D6DD4E3966E9525457C3BDA376AF7BF96BAF6E96F23075DF01D8FD9CC725942D1ABEF687CB8BF79D7CDF325F4F6E7DFAD65572EF6774BDE493B3B75D3B77F2FF86DB0D9A392F7ACAEFE7D74DFF57F33C4358F0324BFE8715B5B5BC69E65DC92A5BC59F339F2A58A2E60F221FF00A783D7E9CF89570756DF7E8F4D34BAE8DB6BD4F4FDB53AA9A4EEA5E9A5F5EE67E85E1B6B5987D962F26D614FF5AF262E2E07FCB592497F73CF9E7F976CE39A9D354D3BE8FBBF55DFBDDEFF009955214FD87B24AEA3B595F5D5EEBCFAF6337C5B7FF6155863271FC4B1FF001C7C819FC7DFBF19AE0C44FE18FF00797E1DFF00AEFE862A9D3749E8DB4F4BAD3FABFDDEBBFCBBF132DE37B06F25BE7BCB69126853A799CF9478CFFCF6C7BE0F1DEA70FAD64FA292BBF96D7EFE478F88D68578F56A4BCCFE697F6DFD2754F0FDD78985BABC7A77F6AC77FB1067ECF70FFBD865C13DBC9FF8FAC0033D466BFA1B837D9D4A5453FE54A2ADD74E9E47F377172F675F11BB5792BAF57D53F54FA6BF33F3159535082E2EAE6648CFDD9E1B979B64521F2899BF77CFD9BED1C74FB5F63C62BF53A745C62E0D3B4FDDD9AD1DB45E7FF00FCC2A5A716D7C314DBBEEFAE8BABD74FF0033F65FFE09F1E29BAD7FE0C5D785AFAE12EA5F04EBD7361672F983CCFEC8D509BFB68A58B99B99E6BAF61CE306BFAC3C20CD163786ABE0252E6A996568D2A51DDA83DEFD569E5D0FC2BC41C03C2E6982C6535EEE228CB9B9959AD7AE9F9BBFDDA7DC53588FFEC7DFFF00D79FF2057EB97D6EBA5BF04BF53F3E3127D3A193737AF5CFD7EBEF5AA6DE8E2D27EBFE44E8F4BAD7B3FBFB98B71A7F92385DC38EFEB9A57B5DA92DB66EFF00AF5329538BEA969F67ABF3D5FCBFABE3CB6ADCE17D37B03FE4723FCF5A6DAB3D56CFA9824EEB47BAE8573095072327AB761DFAE3A743EFFCE9BD9FA33B5ECFD1FE473B776FB58E63DAADF9FEBFE1FCE99C367D9FDCCF3DB28D9582AAE0FBFD4F39AF2E9C528E9B5B6ECAF6FD4DCE8AD61C6D661E8587E78C67FC7F5ADE14DB4F9765EBEBFA8D26EED2D8E86D225794305FF807F3EDD7A7F8D4D9F67F7311D9D85AE6320A8E83E6EBD3D7D3AFD29A4EEB47BAE806DDA5BA2755DC17057D39CF6E9F9679F5AED6EC9BEC9B356AEA57D9C74B7A3DFA3F2DEDD3BBD196416F67777922BEDB5B3B8B9C20FDE49F678A69BCA1F9FE3EA79AF2733A8E194E6B5A2AF2584ACF956BA28377EE92EAF6F3DCEBC0D38D5C665D4AEEDF58A49BB689F32DDED757B6BD5F99FCFEFC2DF14793E3ED4B54B98A19EFF58D5758BCBEB89FCA79228EEEFE6966B4864947FCB7B8E0640F7241AFF3EF8927571B0C457E9ED2AB6D75F79DF5FEB53FADB27A70A0F0F463AAE4A726ECB7B2F92696DB687F585FB0A78AADAF3C07A269F1B2065F2F6C2BFF002CFCC07FD5FF00CB6E9E83EA4D7F2FF14C3FDBB997F7B5FB3D96ABCF73FA7B80E7FECB64FDE4A3D3A6ABD3ADBEF3F55F4E859676923933E72099553FD5E63C99381F89AF9A8277BEBF15FD35FEBE47EAD87ABC8A4AF6E6BAFC15FF002DBEFE87D3FE05BC55D3995BCE91E4FBBC7DC8938381D3F4FD6BEDF299A546496BA2BF934B6F57A9F259CD3FDE2D75BABA4FA77D1FF56F324D4EE0F992958640A6411B97CC67CB5E98F7F6CF7E7B5774A778BBD959392D7AFC5E4FB7FC39CD469FC3BB57B6DD1E9A9C1CDAA5EB09936A796241E5CCEFFBB93CAC893CCE4741FA5797F58ABA5DC95DEDD3EEB6BE963D6851A6D37C8AFBADFA7F4FCB439D96069DA6F3607DABE63AB47FF2D23E638BCDE9F5C7A7E35CF5D3A916B55E7B7E875D29469A96B6FCBAFF009EBE471DAC69AABF3C68E776F68635939D9EC3D79FCABC3C4D1EDAE9AFF97A6DAFE9B7A787A8E541BFB2D3F4BBBECCF06F14E8B7F7578CD70D731471A3BA33FF00A80FFBACF9A3FD7E3DBB8E2BC7A947AF95FD1F5F97F5A74CEAD574A924BB357EB76FA5BD6FF23E7EF88B2AD9DBC9F6AFF9775FDDFEF07EEE48A23E67E5ED8039A782A7CF5168FE256F5D353C1C6D474E84E6F5BC65776DF4B7F5E7A9F817FB6649A15FE97E2C9A19235BB334E919DE648EE23CF9B6914B0C9FB8FF009FAB6C0EFF00E9832706BF79E1255693C2DF6D13EF6FBBF23F9DB8A5AA92C472BD94DAECF577D7BBFD19F850B3CFA7EA126F91E5D32E4F98D24DE74896FF00EB88CC7D3ED1E7F620E4FAD7EDD6E7873457372252DB5BA4B6EBBED63F28E6D37D7DEB5FC9D969F7687E93FF00C135FC6B259FC4FF0014780AEAE9147883C372DE5AC0FC497979A3CBF69F371CE2E3EC37B723E98EE727F64F05F1CF0B9ED5CBDBB7F68529577CDA5DC5689F4BEF65FA6DF9D78894258AC9A38DB372C2568D271577249B5ADAD7B79F5EBD8FDA396DDB76DFA7F3FF003F5AFE985757767F35D9FF00C03F187F7DE31FC93FF80FCCA32D9EEE9FAF1C7F2EBFE7357CF7D1ADF4DFBFC88714FF00CCCFB9B7DB1AFC9F2FF74F3EBFE739E6AEC9F56FFEDE6FF521C209A7656FC9F47E5FF0C72F2DAC993B73DBE51EBF88FF003CE7BD32BE1E9A2BFAF7FEB5FF00839B342DEE33CF1FFD6FF38E2AB925DBF1447B44D35692BE9AAEFF00331E7B779226F4E369FC0F6FF39EBDEB5E65DD7DFF00F0483CD2C2DC6433FDEFEEFE1E9FCABC95B3F4FD501D45A5AFCDF37F9EBFE7F9D74D1768BBE9EF5F5F44690692D5A5AFF91D25ADA2AE4B2FCAB20FA8CE7D7818AD5BF4BF445B6927AAD13675DA75BBBC7B87F0E3F0EBFF00EBEDD695D3F8B6D3A35ABBE8F5EDF8332849544DB8F6EFAF2F5F5D4E82DACC6DE53AE07CFDB8EA7D3A75F7A6DFBAFD1FE17347ADEF74B55F9EAFCBB77398F88E2EB4FF00869F10750B3593ED565E0AF145C41E5F127991E897BFBEE87B7535E166B3952CAB38AB1972DF2CC54257D13BC2578DEF6D6FA27AFEBDD93479B1B84A7AE98BA5356FB49496A9DB65D7A7E27F36BF0FE493FB7F4F8C0DD3DCDCEF68CFDF319BB48A28BD0F9F9E9D07AD7F0466368E5D5B9B44BDBB7CDA5BDF77BDFA7F5A9FD6994FBF5E9463ACA5ECA092FE671DBD4FEBD3F602F08EB7A4784F46D5357B59ACC6A515BBC51CA92C71C96F1E7CB963CFFCBBFA7383EA718AFE5CE25AF4B118D54E8D9C6F2BF2D9ADFF00A5DBA6C7F52F06E5D5B0785752B5D4AD0767E6BD2FFE7BB67ED1F86ECE392DA146FDDB320DA507992799CE33F5EBD71DBEBE1D2A5B6F66D5FB2575BE9E47DDC2752CDBD52EB2D2C7BD784EF6DE08D6D648DC08D36644730CF9BD323C8EA38239201C71D73F4F9754A74D3A766959BBDAEB6D55F6D76DEFD343CFC7D38D4FDEBB27B46CD3D36EBAF737F545B5921C062D85CEEC0F33D4939E7AF18FA60F73D75AAD2B5E2B5E57BADBA2FF003F3B745A2E6C2D3BBDFADBBEEBA797FC3BF2F328B4FF003DF6BAEE8D260F84FF00968FE69E39079E3D7F9579F08BA893D74774F64F6F23D3778735DDACACDF7DAFF83E86FC9630D9FEF2E1536C8811B326228E4C641971C91CF3DF048EB4545EEB4FAE96EBD0882F6AB66D5D29595FAFF5FD6A71BAA8D1E48DBF7652EB67CDFBC9B6797CF95E5CB1CFCF39E87E95E7568D349BB3F85DAEBABD3B77FE9ECBD2A74AA538C92FE025A25B5FA3B7477FF33CB75BD06CEE5145BBB98E4F9FFE3E22923924FACC392464739FF1F1DD2F75E8DEFA3DADFF00075473569CDCF576BAB2D747DF7FEBF13E21F8EDE1BBC782E2385B7A4D33A4DB6431F971F967FE5AFE5CF6F5CD56029AA734DE8936DF959DDFCED6FF0023C6CCBDA54C34E8FF00346497AB4D7F4B7E9D2CFF009B5FDB4F45F1078621D49EE2DE69F45BCDF0ADF458096F2C79F2BCCE0927CEE9EFD0F7AFDB38471546B54C3D3BA4D25BE97B5B569FDFBFCCFC1B8BF2EAB85A73ABCADDEF16F5D2EF5BF7BF7BEAF4D773F12B56D45FED9756E798A4712EEFF57B248A52D8E0E727D7AFA1E95FBAE1E9A74B46AFBDEFAE8B4B77FB8FC62B3B493DF9357F2B3FC4FBDBFE09D3E1B83C49FB467876F4DFCD617DE1CD0758D7A1F27CA3F6FF00B3C50D85D585D0CF16F3D8EA57409B7CF39E71CD7E97E14E17EB7C6D8483D3930356A36F4574B66FA5FB1F21C6759D2C86B4BA622A2D7ECA7E7D9F6DD6A7F436D6B9DDB848BB31F4C73D8FF4CD7F5429E97B7DA95B5EB77BE9E67E0D6FCEFF007DFF00CCA0D0ED382BF8E3FAF5A819997CB95DBB768E3B76E98EBFD7F5EBAD1A768CAF7BEFF8112959DBBAD4E7BC96F9B76CF94F4CFD7D4FEBFF00D7AB072D1ABF7D5B5AFA5B7FC3EFDB1EEEDD972DB7393F2ECC8F5EBFCEB7D1A693FE99918B3422456FF67D7D3F5A8F67E7F87FC12FDA3F2FC7FCCF35D3ADDBEF491F71EBEFFA7F9ED5E62DD7AAFCC83ADB1B7F9B76DF4F978F7EFF00E47F5EE7B5BBDD7E0CC16F7ED67F8A3A8B6B5F35515B2471F77F9F5FD334AFBBD534AFAE975AF4FBF7474BE5AB16D5D596ED6BDEDFD6E75BA75988D72ABB738FC073E9F973512FCAEFEF932E9FC0B4E9FD3FD0E92D2DC37CA06FE9DBEBF8F6A94DC5DFB59BF2B34FF345D93528BDA4ACDF64ED77FF000E5CBAD02D757D36FF004ABA506DB54B3B8B0BA4E9E65BDDC46197D7AC337AE3DEB8333A54F179566942B2E5A7530B56ACAA59B853828C9BAB293DA31DDCA4D25D5A3B70155D1C6E5AE872B943134A8D38CB4956A92926A9C57DB949E8A2BDE6DD923F9FEFD9F7E12DBC7FB68D87C36F15DACC9069BF12EF3C3F716B3C7B2393FB2E59FEC183D47DBE1B21758C60703BE6BFCF4E33C450C3E5F9B4F2FAF4B1D429FB7A4ABD39C674E5ABBB8CE9B716D5AD64DEBB9FD91C2584AEB35CB70D98E06781AD5AA50ABECAA539C2A27A38F346A2525CCB6BAD77F5FEC8BC1171A4F87058C732C30A59DB45B61FDD471EC48BC9F2A2EBF8F6FC6BF9429C3DAC275527CC9CD6AADADEFD53FF0082B63FAE2752961DBA2DF2DA30BED74ECADA3D6FE56D4FAA34EF8B1E0BB1916D6EEF1B31C31BC9F648A5FE3FF9E9D71DFF0091E29D0AF4A8AB56B2BBD5F5D1ABBE9B7F5B1B53AF4E74AFED9F4B29D95F75AAD2DF2FF809B73F1FBE1DE992051E39B0D1DD1FE4B7BEB8FB3C87CBFDEFFABBA10FFCB0EFE87BD7A1F5BC3A57A55E6FA6B14937A69FD7DFD0D633C3CA095458677695D544DF4D95EEDBF4B9971FED25E1BD50CABA5F896C359B5E3CD92DAE229D3BFEEBEA067BFE58AE2AB8DABCB27CAEDCAD5ECD68AD77D1767FF02F6F530785C1D4BAA3652DEDA26BE5AEBB3FF3699D2C7F1D34BD37455BC5B7F326698A6E9BFD5F9727EF7FE596091FE4714D66AE9E1A368C9B6EE928EED6B75D7B5FB9D8F217886E4EB35A5DEDAF95FAAF9E8FB9C378A7F693D3D66F2A492DF6C65EE199A4943C7167CDFCBFAFD3350B1F5EBEF4EA45C75778C93B2FEEDAFE7F9337A795E170587E6AF59C62EFEF2B72FDEF4BF6FC2DA9E58FFB637C23592DC6B5E2999A699E5863B5B3B396E3CB92398C5F6597CAE7ED13F4B6C7FF00AB4FACA9ABD58D4DD69C8DEAADA3BAFC3BA3C3C7E6B80C3AF654B11EEBBDDE9DF6BFF7BFCF5EFD7E9DFB527C37D661857476D36EBEC930866698797269FE679DE5457F6D913C3713FF00D7BFE7512C4C568B0E937A59A92B5EDADBD6D7FEADE44F33C1D4578D7949C7A34B756DEDE7AEFF00E67CCDFB407C49D36484AE9D79A52C37CE21557B82248FCCED17FCB09C9FC707F5D30D8594DCAF169D9DB46937F83BAB7CFE47958BCDA84AD14D6BA34B5F4DBF4EBA1F98BFB437C3D8BE20F8275F0B6A97D6B71A50F33F7783149E51C4B163FCFE75F4590E32A60732C341B4A4E566AEEE95D5EF1E8ADDFA2EC7CEE7F82866194E2F922E4D5E5F0DDDEDE8D6FD7B2EE8FE5B7C7FA37F61F89B58D04AB0BBB0BFB8B4F2962F324CC59FB30FDCF423939CE39EF939FEA5CBABF36128577EF45423277D9E8B4BF53F96B1986A94B155E828CA53E792B5B56D4B6D17F5AE88FD69FF008255FC21BC93C5BE20F899ADC463934CF0A5C693A1C2F288DA59754BBB48AEEEAEA2038B79EC61FB35A93CE067DABF6BF055E5F8DCF7158F58A4B17428CE9470568EB1B7C715F1B8AD6F24ACDF7D19F01E2661F32C070FE1E3570AD612BD7A6E553DEE58CAFA26DE8A57FC4FDB93A6ED662CBC363B63FC7D3F98AFE91B256BDF56FAECB7EDD13B7C8FC51D357EBB47F25E456974F56E42FDD3F78638EBF88FD284B5566AF7F3FF0022391F97DEFF00C8E6F50B1DD90CBE9861C7AFF9FC6BA294934DBD355D7FE1BB98CE2DEABEE39D16263CB7F0F1E9CF5EDC927DFA67E9553B38DAF7D7A3F27D8CA318DD5D2FC8C8BDB561F32F3C80CBCFBFF93FD28875F97EA54ED7D3B1CCCEBD5157D3EF7FFAFF005C56EA09ED24FD35FD4E6B3ECFEE3CEEC2093206C3D57B77F9B9FCFDABCC0B3ECFEE676561632300CDC0E3E539F7ED8E78ADF99775F7FF00C10E57D9FDCFFC8EC74CB1FE25EBFD7F01FE73DA95FBF5FC15ECBBF7675D3859493F9AF3D15BD35BF7FBB5EB6D2C5995781F2E3F5CF19CF1D3F954B6AFBAB2F56DEAA4FF00A7E7F2D631B45DAC92D3EED7437ACAC76B11EB8DB91FCF20F5FF0039A1A4E5EF7C2DA52FF0FBB7FCC2DA3F3BA7E9EEEDE7A9B915ACEA923DBA22CC90C8F0B37FABFB479598FCEF4FF3CD791C48B9B8678B69D1AEF0EA3C3598252BA50749D19B941C9DECDABE97BFCF53D0E1B828F13F07C6AE1FEB517C5196FB14D394A353DBC5464D47A2EEEEB44FA1F1D78FEDF526F1BF84BE226A9F0B7C3175F1E744F12FFC27DA96A9E101A86FF107C32F8671FF00C4FEFC584BE74F6FACCF633E9BA68B5FF4C1AC75B31804D7F91FC3157DA6025848E36A432A97D7E8AA159A85378B9D59A84A3CFAC9737DBBBB59BD969FEAEF8A38259766983A92CB7093E209C72FC5C313425CD516121469B9A6E0D252E55651E5E9DF6FAC6D3F68FF00057ED1B6DE1B97F679F1E787755822D2EF3C41E275BC8A59B56D0ADEDB548B4CB0D3CE8335E699713EA3AA5FFDAAE74C5B9FF43FB1DA5E5E1FB683F64AF0A39062B2596228E6DCF0B549FBD08B9C5395A51849B8AB371945B5BA4D3D8E2C7E7B433A861E79553929BA50FAD2AD174AADE314A53A716DF3D9A76B2B357659F12FC42F86914D2685E37F8D763E13D722D90DF4379E6C9AE5C6C88F992C5E18F0C43E7C16E3DB3DC1E95950CA5569A71C0C2BC64B4752E935A6DDEE28E2287D56A2963AACDC57BCE5CA9C3BA7AE9CAFABB68EECF91FC7FE2CF809AC4CDA4F843E3678DFC79AF6DB7D55E1F05785FC7971716F17EFFECD2CB75ACDE5DD95919FEC773FE8B736FF006C181F8FBB4B20AD468CAAD4C932F8E1D7BCFDA55945C3CD27BB5AF6EA7CCC336CA6AD68E0A198D6962B9FDCFAB46359F35F67CADE9A5BC9D8D5F8516FE226D52D2E3C05E36F10EA2BA84DFE95A3EB1A788EE7026F37ECB7FF0065874EBED2BCE9E1FF008FAFB3DE7D8C71F623D0F8F8D8602B5B0DECE9D1955FDD41D3D7F792B24D795F67D4FB8CBE39A602A4B131AB56A42943DB56588FDDC9D28EADA8DBDE7CB7D17A2EE7E8A784FF00690F84BE34F85B7975A55AFC64BAD47C3D24161AD68BA3FC12F8ADE24B8B3D53CB9ED7548AD758D2FC1D3E97AE69FA54F0FD986A9A6DCDE59DE63ED95E3D6E10CE2947D82C660D38DA5464B174EF1BEB1F6BD29B5A5D3EB6F367D6E1B8FF00249E1E9E2234733953B35885F51AAEEE29DD434F7D5EFDF65DDB7F0CEB3F18347F8CDE3EB9D0BC11E24F13E93A3E9F25C69BA849A9687ACF86F5C9350D3ED619B54B5BFD1FC47A3D9DF595BD8D94D6C3ED5FD9979F6C38FB1FFC791AF528E538DC8B04B1599CA8633113F76328555569EBB7EF61A5D6DFE5BAF9DC5714FF00ACD8B9E0F2D5530D80A49CA7F598BC3D7E48FC4D539A52E6EA95F556F9F0D65E13F86DADDD788B54D25FE2DF8B34CF095B5E6ABE23D7FC1BA1EA9AA5BDBC16F098AFE5FED4D57C55A158DFDC626FF986DB5E73EF5E96068E2B10D518E5B95D59625A945D6C4F27249BBAB36F749E9D7C8F9BCDF0F9760F0EF1B56BE65570D05CCDC30AE6AF1DDDD696F3D7E46147F14BF65FF0EE9FAA5BF856EBE335BC9A7DE6FB86D6FE1D6B50595C5DDBFEF6EA58E5B0BC9E6BEF204DFE95756D6E3FD33F035EB55E13CD69BF695B0795A7A376C5C7992D1A695EEDA4F45AEDA9F3582E2BE19C74274F075B33956578B7F539F226B74E567A69AFCCF373F1B1BE2326AABE11D5A591B4F85EFF004BBCFB46B4248E4B0CDCCB6B7FA36A97937FA3CF043F66BAFF0046B3BCCFCB677B5D3472BA38587FB4C29C7DAFB909CA5EEC6ABD9F35AC926FE5D7CBCCC56364EAB961AA55E585DD4B46F35156BB8C52779257763DDBC09F157E31FC4AF02EA1A7F87BE0F7893C09A20B4D2E5D4BE297C59D2E6F0E69777A7EA16B34B24BE11F0E4A3EDDE24D4209A1B6FF008F83F63CDE7DB38E2C8F9D8BC8F2CCA71547179A63E2B1D36DD0C3E5F6C52AABDD71FAD4A368D3E6BB51519397BAF9A2972DFDEC0E7B9966B9754C064F8273A318DB138FCC14B095A2B693A5192E59DAD7BA493D2D7DCFC4CFDA37E0E27803E2ADD7883EDB36AB1F89A4BCD56DA2F2631FE99E5996EA39260463A802EBDB18CF4FD8321CE9661954B0EA9470EF0C942D0E6DACACDA7DF77A7CCFC7B34CA6B6559C2AD3AF3C4BC4C9B4E5CAED2BF5E5BF7DF6F4DCFB1BFE0973AEF8EEF7E34F8B741D72FEE66D023F01EA1736DA6F9714767651C975A6DD58496A23E71FBF0339F6EBCD7EBDE0DC68D3F11B2E960796FF00D975FEB934EC9C9C6DE6BBDBAEBADCF1BC5D4F11E1762275F474733C3A8C6DABB3D2493576BBDB4DEC7EEA1B21203F2FCAAB867F7C9ED9F4EBC1FC7AD7F61A968BDF5A4A57DB5F7BFE01FC92E3AEA93BA87CBDD57E9B98F3D96C60A5377AE78E991D7F1CFF005AD2CFD7D353039DBDB556F97CBF4DADD7B9FA7D6924ECB47B2E8FB1859F67F73312F6CE4488ED8CF6E9F43DBA7F9F6C0E8A0D252BB4B544BD9FA33929E193BA95F7E87F3FE7ED5B36ACF55B3EABFCCC0C2BCB55742CA84371E9D7E99EBFFD7CD551B538B56B5DECBE7E653FDE36F4B2B7C5A6DA75ECFB1E7FA7DAB70CE3D3F91F6FA75EFCD739AB7D3F1EDFE5E4FB9D8D943955C2E1723767A0CE7DA8B86FA2EAFA3F3BBEB7D6CF63B7D3AD72ABC7F08DDCE3F964FEBD7F1AC65F13FEBA0CEA6D212AAAAABF7B1F51D7B7F5EF5CCB75EABF30366D2D599871FF0001FCFA9247E3FE3C574C5A4F99ED16A4FCD26AE3B3B49ABDD2BA7E7A1D45A59B32B2797B5244F2F775C09338E7AFE009FA74AF2F34C14334CB738CAE4FF759CE0EB60E9ADB9675A328AEBA2B5FC9756EE8F5729C6CF2DCCB27CD20BF79966368E6536BAC70F38CDC6F6D64D2765BDD7A16354F0EE8BA0CBE08F8836F0A45A95ADE6A1E12B8B8F2FF00D223B7D7E286EAEA2964971FF2FDA6E3AF07F0AFF20F8AF24C5F0E67F9EF084E5FF223C555719C1DD2E79B9C5C5AF75F2FAFE1B7FADF4F1F84E2CCAB83B8EEB27CB9CE594E0B9A2FDD74E9A83534DDE2DB57B3B3DBBB3A2D53E03F85E6F1E784BC51A4E99A6F87DBC65A6EA9A15E5E695676BA7799E25B3F27C51A0CB75F65822F3BEDD63A77892D79CE3DBA57C953CC317FD8D8AC2BAD52BCA759546A56734A0D7BDE8ACB7DADF232C765F83C267385C5D3C3412747D9ECD41CA7B26F6D6FB79E8D6E7356DFB2F685E18F19EA9E27D36DA18358D52E766B3AA5DE8D16B779A86A8643FF001F625FDFFD9E6F3BFE3D6DAE89EBE98A54389EBE1E961E8C2BD594ADA69AA92D2DB69AAEABA5DE83A591E1A9BC4AC465F414317F13BC9C5296FAECAF7FB927E6BB6D2BF666F0AE871EA7AF693A4269F7D75F7EEBFB3E5B2B38E3F2BCAB98A2B0BFBDBDF23FE7DB16D6FF00F1E7F5AF431BC4D9A63306E857AF27757B5F57F76AFCF47D2DD4E7CA784385728C77D728E0211C52BB84A1094D733D6EA4AEAF777D9BE96367C35F0D25F0E7807E20F8821B1B0F0959E9FE19D6FECFE32FECCB493588FCAB59E6FDD79BE4F9F6E67FF46B5B5B9B9FF8FBBBED5E3616752A56C1D5AB771A138D59F5D22D6EECD77F23EBB394ABE1942945AC454C2D4A6AEADAC93493D777A5BCFD4FB07F617F87ABE15F84F6FE12F11C89A94C34A93ED914324B159FDB6711CD75E5DAF9D89FC89FFD17ED24F5FD7BFDA53C5E3B33AD1D28E215E2B5BDD2B6DD35D6FB8B0583FECEC872DA3597EFA32BD45CAAEA2DE97B2EABA766F4D4FC73F14FC2ED47C1DFB7C78C34BB1BE82CB4CD72F353D626B7BB83ED167ACE97AA45149AA580926308FB458DF595B5B75FF4CB3BCBC191679CFB14F134EB70AD6C34F5A986AEB922B595935EF24EEDA5BDD79EC7C3637033A7C610AF4D4561B1341A96D182BA6B95F66EDB3EF6B9FA4C9F0B74FF00B3C97B2DBE896F35C59EC68ECECFFB1E3FB3C831F65F374C84FF00A3F91FE8DF65E48FAE6BE5162AAD271AD1C4CA35135CBAA4D356B3EF7567D2CADF77DC28FF00B1BC157C32960DDD4E3CADA9C5BF7A2FCA5D7BAF5B9F1BF8FF00F675B27B8D4BFE11FD221D2A3D51F65E7D82E2C3CB4C4BFBDF2ADA286CEFBECFD7FD17ED479F7EBEAC78931F1FE3E2675E4ACD734AED5B6BDAD6B7A6EB73E6970D65586862D6599553C37D69BE571A728A5395F5BBBA8EAEFBFE773CC93F65BF871F0F3C25AA6ABA3E8F7F378923D0F54B39B569ACFF00E3F354F107FC4AF4C8AE65FDF41F69B8D5351B6E33F4ED9E98E758FCCE74F0D884E38551F6EAAC9B507286AA2E4D28A7DB55D8F97AD91E0B2D749394278C7251AD4E0D4AA2949D93E5576D2EAECADA2EC55FDA1EFA4F047815B45D2AF36E97A3D845676A96DF27DA3EC96B0DAC524917D61E3927B56792D378CC757AB36DB75E3CBD5E8EC9ABEDA6BA7A9DB994FEA380A904E3EF42DA5BED27AF47EB7EDDCFC26FDA16E358F1BF802FB5ED2BCC33F862E63BE9644FDD5C7F67994C5A84A7208CC0271F6ACFD067B7EE7C3D0A583C44A9557AE262AEDEC9E96BBD15FC9F55AF97E298F5F5AAEAABDB0F7E56DEB24DE965D6DD2DF89FA2BFF04BBF04B0B3F1378BB53B4F2F57B7F09685E1E0C22E238AE6EA6BFF002FF1822B6CF23938E0D7F42780B96D29E6B9DE774AED65D5BEA69C5F37C7E7E5F77E07E6BE3562EA51C972AC965EEACC20B19AAB2FDDFE5D7F0F97EB735B9DA4EDDA57F871DC75E98E73E98AFEAE56D57ABFFC09B67F303D75F97DC92316F34F66C3AAA74E3E9C9FEBC6073D38ADE12B2B5D2B7F9DFADCC9C1596F6BFDCDDADA5B5D57A9CC5D5AF96C495FF7B1C8EFD7FCFE95A2DD7AA33B5B7D0C0BA864F2CF1F2F1F41FE7DFF0095167D9FDC6167D9FDC72D3C31C8A4053BB8EDDFF3031C63A50B75EABF325ECFD1FE473935AB2295DA03F191F98CE391FA7E95DE607076169965EDD36F3EE7FF00ADFA573BD535DCDADDF7969E9A7F92FBCEDF4DB3DAA371F4EFF5FAFF009EE2B2936B44FBDF4EADBEBF31C572A4B7B1D6DA5ACAA40553B491FCCFB8FF00F571E95052576B476B9D8E9FA5FEED7CCCEEF306DFD7D7FCFA5739BFB28F7975E9D8EBAC34B544DD2A939C74FC7D3F0F4F40475A1BB276E8AFFD7ADBE5F9E908AE56936BA5FBEDBF6FC2E75569A7C655D957D0AF23DFF98E83939F5A88568AAB466B551AD194AEB68ADDFE28B74AF87C459B5374A6A36E8FA35D6FAFE7A99BE32826FF00843A6D09A14923D5FC55A5F9336F025B3BDD3EC352BFFF00C9E866FF00976E7AE7B03FE68F8F397C32AF13B3BC4420E30CE632AE9B568CA296BCADFC4BB3F45E67FA51E11E3679B782191BA98993964D5E9E1E6E2D3F66DB5652FE5775B69AFAD8F79F85D79A5F897C3F67A4EBB0FDA2D55EDF76F90C17167A8D9CB0DD585FD85D5A4F0CD63A8C13FF00A4DAEA96D75F6CB438E335FCDD19D4A15DD5A4AE9F35E2D6E9BD53D34BFF004CFDB30D4A8E3B04A85593AD2B47D9CE497353972A6A714B5F77E6B4D7B1ED47C23E22D52E96FF0049D6AC2FB69F92EB58D3ED750BC9238C7FCB5BFB097479E7FF00506DBED5727AE076E7A6346135EDA383C3A9AD629C9AB3EFBDD6BFA9D353299D3A4E955CC7175D779413D16B6BABDD2E9A5B4DF436F54F04F8DAF218AEAE75AF0A99217F2D2DFF00E11FBA9E38F8FF009E775AF4D07DA7DC5B9FFAF3ACE547156F6CF0F45DBE25CCF58FF9F65D355D0E6C3E0E846A7B3789AF1E5B34F91271FEF46FD75BA57DFBD8F37F11FC39D4BC52D63A6F8F7C5F7BAC685A6DE59EA31F866DADEC347F0DFDB34FBAFB5696754B0D2ECECE7D57EC33C36D756BA5DCE6CFED98AC9E25B528A4E87369682DD6974EEB4E9DBC8FA1A380C3B4EB46AE231F24AE9E229F2B8C97556BAD3A3BF9B4CFAFBE13F856E34385C43E4F952597CBB3FE7A5E673DFF00AE47D057A797515284A29EAE0D35D53B6EF4FC7FA558A74DD283AC9FBB28B71B7BD65ADADBEFFA5F43F38FF6CAF833A4E9FAEC3F11F54D4FFB2EFCDFC690DF5849756F736F7114BE55ADD45A85AF9334171E7CC2DC7D98E33DCD4D2955C1B9534B9E367DDC64BF95E9FF0006D7B6DA7838FC0E1F175D548A71A7A4A0DAF7E335B349EB7F5D579E859F869A2FC46D5F44B08F4BF8BBAADC1586274B6F10F87FC23ACCB198FF00D57FA57F60C33CF6FF00F5F24FF53E74F92AD472781A10943DF50949A6D2D5F67B5BA2EBDAE76D2C931589A49D7CE319468DEDFBB85392E6D159DF7B69BEB6E8FA7B22FC33F194FB6FB52F1AC7385F33CC9AC3C3FE0DD3EE0799FF003CA597C37793F63D2E474AD296229493ACF2BC35DB51B39C95EDE8AF6EFDB7D4DA590CA295359FE60D2F7BF854DDDA5D2DD74FCFC91E25F1374B8B4AC4975717FAB4F66973E5DDEA3A85FEA9247FBA3108AD2D2597EC561FEBBFE61BA6DA7D78A556BE26A45526D51C2E9FECB424A5052D2DAAD6DF3EFB247958AE1EC0E194B192C3C2BE26516963AAA6B11AF471D12FB95F477B9F93DFB4AF88A6BEB4FEC758FCE59577A9FF00591C727597F7A08E7FAF5AFABE1BC3FB2ACAB6AB975F3E9D3FCBE4D1F967144B9A94A8AF469746FABECD6BFE47C83A7780345BBD26DF4BD4A186E34BBCB997ED50CF712DBC779E57952F9334917FCBBE3ADB7F402BEFDE2EA3E5AB49FDA57B68ED7DEC936B67AFCAE7C351C0D2F6B46955B3F75FBCDEBAED7EFF00E6F43F513F64AF8756FE08D17C431C3789A849ADDBE91AC5C5E431948E496E6EB53F2FCA8BFE7DE0861B6B63CE07038E00FEA6FA2FE2E188C9F8C2D24E5FDA54DF2DF576D6F6BB7BAEDE4FB1F8B7D2470F1C3E65C23494B9A3FD973BCAFEEDECADEF2EDAFE27D553D9C8A4C8870BC703BF53DB00F53D7D715FD5B4EA369E9BE8EF7D347B5DFF005BF73F976CBB2315D581DDD54E73ED8E7F3E8056AE9F5BEDAEDE4FCC26BDCF3BBFFDB4C4BDB7F3B3F7074FD09FFF005FD3BD5C3E15F3FCD9357A7A2FC91CDDCDBED85A33C74233FAF4FD3FC2AD75F4FD5184BE17F2FCCE32EAD5958B6DCB7EBD7F9E3A7B7D285BAF5460F67E8CE6EE6365CB3AFCDE67F9E0E47E59FE95DE6071FA643F3293FC38F973F5F7E339AE7375AB6FCEDF82FBFCBFC99DBD8C4B9002ED5FAE3D7D38FD735CE33B4D3EDFEEF19E9BB7FF004F5F4F61EF9AC2CFB3FB99D341A4A5776D7F43AED3A0FDE313F2E07CA0F6CE7AF3E99EBF9D528E926D3D13FC8B9BBA496B7EDA9D5D9C6C59963F9B03E66CFE5D7D7FCF6C64FED79C6DFF00A51504ECF47BF63ABB2B6DB8F936F4F9BF3F61F9571ECAED3695DB5DE3EEFE7D0E9A49BB47F9A496BA277B5B5EDE679EFC4FD41F4DB3D0ADD153CC8FC4DA3DFC85F9FB45BDE5AEA5A5CB2C5FF5E33FEB798E31C7F087D28B2CC6BE2AC9714F0CBEAF572FAB3A15AD2F674A0B7A739DB96337D232773FB7BC01CCB0B53C29E29C351C57EFF099F61A8D6CBF9A3ED272734BDAD3A57F6938474729C5595B53B1F075C4F62B6B246AEB05E7C8DFF5F16F17487D3AE7FAF5AFE42A8EDCBAEB1BA6B5BA777D3FCF7F33FAA7259AA7F578A7CCA54E2AEAF2DD5ED757EF6F23EB9F0E78B1615B5F2C798AB0C4EB1FFABF33AF998FF5DDB3C7D09C5610ADFBCBB4EFDFD6DFD7F573F44A3848BC2BE6E5D15F749AF3B36DBD34ECFAE87A66A9F1034FD3F4D579F66E93CB9E28FCBF3243FF003CA2C77AECAB8BE4A692DE5656F5EBF87FC31E2470119E26F75CA9EADBDD2EFD15FD75F9B4782EAFF1C3E19FC3DD48EA9F15F52B6D07FB4BCBFEC38755B886DECFCBF37CAF362966F2609E7330FF003DF928A9B949CA946B349C93A9A35D52D17FC3796A76626A2A10953A552A504F452A71BA4F6DFBFF005A9F5AFC3FF8F5F06752D0EE75AB6F196916A8DFEAADDAF3CCFB441E579BFBA11898FE3C71C0E78AF63055E9469CE7528D4A35DA76B41B5256D5276F4B58F1F15539E1460AB53AF3827ED71139C3DAD38EEF9ACECAD67BA3F2E3F6A9FF00829EFECD9E08F1359E81E209B4AD7AD6C752F96DE28E1BC4BCBCB794CBE57D97334F71E44DFF003EA78E9F4EBC364B9D6674E788C361A54F0F18CA49C94A16B5ACDF3476F3DBE678198F10E4981A987A4B1CEBD7D9BA3CB5135ADD5E32F54DE96ED6B1C2FECA9FB51785FE2F7C4BF1DD9F80B49BFD23C1B0DB697AC6931CD6E20B3D3EF2F3ED86FB4BB59BF7DFE8E3C8B6B936B8C5A1BDBCE4E78F3B31CB2B60E346AE264A5896AD2E59293B3B5EEADFD7CF4FA2C8B3459AC3134E9539AA0BDE5CD094573774DF77F76F6D0FBFBC47E2E5B14856CE6FB42987F7CC83B7D7FD7F1D7A7D7DBCAAB522D2F65B2DDF6D13F3F4DF4BD8FA8C2D35EC93ABBC656BBB36DDDEAFF3EC7C8DF163C551CDA69952E218E6DF23B6FF00DDF969FEB64C0FFEB7D4D69827CD515F4B4B7F5497F99E667324B0D8877566F7BF4EEBB9F98BF137ECFAAE9B77A9DC0DA64924F21FF75E5C5E5E73CFE3F857DD65A9C6AC7B3D3BDD596E8FC1F3DA74A787C455EA9B716B77BECAFD57DD76FB9F2D9BC8ACADD1B53BD58B4FB1864FB45C0F2E34B4B393CA97CD925FF961FE3C57D951A4DCE31C35295592945CA8C20E539AEB1504B99DF6B2D7C8FCEE5561CD46B549C69C5AE5752A3E48C2FF00CF27A455F76FA2D4FD5DFD8EADE4D77E1D5F78D6159BFB075C9ACF4AF0BDC4D1CB1C7AA68FA1C530BAD66C229BFE61F3DF5E5D5ADADD607DB3EC87DB3FD83F477E13C670F6499F6371D84782AB9CE32189C15292719D3A2BE25384D7343997492BBFBAFF00CFFE3E67D97F1066DC3F87CBEAD2AB4F26C1CA8636746719C2A567B38CD3973F9B4EDE47D492D9327DD6E4E3E53F8FB93EFC9FFEB7F477B58BFE6FB8FE7EF66AD7F7BEED3CB539A92D5964D9B7EEC9F32FF5EFCFF2FAF4DDCDD9EDFD7CCC4C9BD8370DDB76F0777E47AFE3D3EBF81A8EAA3EAFF2627AAF9AFCD1C55CA10195D5DB320FF39EBF99F715A456ABD4C0C19E1560176FCCBE9C751F5FD78E99A2CFB3FB99859F67F73391BD8552476041E06EED9EBFCB3EBC73E95DF41AE45AAD975F5339A6ED64DEFF00A1C8E996A1B1B7E5EDEBCF3EDDBFC6B9CB3B6B0B55F97E5FBB8FAF7E9E9CFF009CE2B9C695DAD1DAE7696564F2A8D9CAFD7EBD07AF6F5E99C565CD2EF6B6BAD9799B3A51FE66FD126763A76972EE2E38DDD7F01E9D8724FE038EB50EB5AFD7D37EAB4B7F5B1AC29E8BDD6ACFB3D7456BFF0099D75A59F92BBB665B8EBEE0FF00FAFDFF009E5ED23562F7D3F9B477E96FEB73B297C13BFAFDDFF04EAB4FB569231851BB8E7048C73F5FFEB5724DA49BE8945FDDCB7F984137CA968DF2A5D2CF4FB8E5BE31783A4D7FE1BEB8F636FE6EB9A35B0D7B496493CBB8F334B921BABBB58A504FFC7F58C1736DF66CFE2706BF2EF15787709C4DC1D9AC2B505571987854C561E535670A74A2DB926F67A69E9B9FA178799E62F87F8970988C355961F0F5AA430D8BA307EE6267524929C96D2693DD7A7A79AFC28F195BEBBA45AC09322ADBDB66557F2BF79711C5E6CB1127FF00D78FAE2BFCB3CCB06E8CAB49C5EB56493B6FC926B4B2B3DBF03FD29E19C7AAD4F0E94D2B2A727AF78DECEEDEBAF57ADCFA5344D5268218A76915A3DBB14FFD33FC71CFE1F4AF039DA69B56D7FADFCFFC8FD623894E8C9BD24A3EEDF4E6BAB2F3BFFC3FAEC4BE24D3EE76DC4D71F6A92D9F7DBDAA63CB7B88E33E5FEF64E7FF00D7EC0569CCA69BBDF4D36DF4BF4FF33CFA78EA342325889C56F7BB49DBCD696B7E5D6FA3F07F8B9E36F0DF8D3C2AABAA787F4BD5174FBF926861BF82D2FE3D39ECE3F3A5BA845D7EE21FCFA7E15BD095669756ECAEAE9A4BAFCBF4DBB7162F3BC2CA84A9E1B96A72DE5A3BC5BFEF34F48BD6FAF7F97E7578A7C3367AAE8EAD6BE25D6740D62FDEE106A3A16A1FD916F71E7F9B2C5A7CB6117FA0FD9FC8EA7ECC7D33C57D4617151A5F57F6F4A35EC93BB576ADAF45A773F35CC2B4630C4B75BEA75F197BC70F255233A6F78DEEF7EBEBD0F94F44FD943E1F5A78A61D4358B8D43C63E20D5A412C12EB17064FB3FF00CB492C258621C8F34753DF20F7AFAC9F13E29E17D8D0B50A095B923A37FF006EB5D9DBD11F0F86CA6951C43ACBDE6DB69DEF6E677D6EEE9DEF75777D8FD3FF0083F0B780F458EDBC2BA3FD87C9749D859DBC571656FF00EA62FB2FDAAC7ADBF19FF49FF9FCFAD7C0E652AB8BA8EABAD28DFE2BD95F6BAD577F4F96A7EA990711D1CAE84A8D5764EFAAEDEBB6B77A6BB9F404BF1324D42FE1B1BA636D797091F92AF71E5DBC91C91FEEA5B51FFB6B5E34E97245B8D9C6DADB5BF5DEDD7AFCFD0FAAC3F1661714BD8C1A8DFE14DF2DFF00E0EFF2FBCF2EF8C0F359D9EF99DF987E68C8F351E4901FDEC5C1F6CFA76CD6B95A55A4DC755BDF6DB7EFA5FF001D0C338CC53C238B71B72BD7BDFCDD96BAF5FBCFCF9F8ABAFD8E97E1E5855936F96972B2F9733C7711C92132DAF439F3C7F9EB5FA2E4F87726E567A2E64ECFA76F4F9EBD8FC57887191A745C6EACEEECACD747FD77479F7ECD72D878F7F68AF871E1AD434AB6BCD0F53D6E4925B0BDB38AF34EBCB3D2F46BCBAFB2DDD85CC13437DFBF84FF00A25CE4F1D7D3F75F0832AFAE71AE069D58CABF3D27894E71BA83A6EF7D15AE92EDD17CFF0005E3CCCE5478671CE2D45559F27C5CBBAD52FBDF5F3BA3FA103A6DBDBC31DB5A5BC36B04291436F6B6D1C56F6F6F6F1E628A2B58A230C3041041FF001ED6B6C07D31C9FEF1A555B8C9B4B44A3A24B656D959795BFE09FCA16B2B6BBB7AB7D7D4C7B9B5DBFC23B7D3FCFE3EE339AE8A72E68DD6DD183D535DCC09ECE36EE3AFDD1FE3FE79AB759BFB2BEF3939179FDFFF0000C0BFB43F9FE9FE1CE3AD6D427EEB56696DE6D59FA6BDC3D9E8ECF5ECDAD7FAB1C86A368AA54AAFBB71C753F5E3A7F4AEB4EEAFFD6FFD7A7E7C7283D377E9E5E7FD6C72B796AB1AE4AF5F439F5E3F1FE74D6EBD57E62B5B7D0E235081132B90BD3AE3DF8E7FC3F0AE9A09A52BA6B5FD0E7BA7B3B9CCE976EABB777DE3D3F5F5E7EB5CF2F89FF5D00EE74C857A2E1DB8E7FF00AE2B9ADB5EFBB4FE56FC7537C3AFDDC93D3D7E67A2693607CB0D20C743F873D8F7FD38EFCD6552A6C95B54977F2DFA3EBE7F9EB4E9AD37D24BA5AFE676B616EBB783D31FD7D7F0E9F9D722DD7AAFCCEC372CEDD7FE5A7B7E9FCBFAD0FF0045F82428ECBD11D869F0ED54C2ED071B73ED9F4FD7F0FAD631BF2CEDBDB4F5B335875F97EA7616966B72AB1B465E2913CA9A3FE0923727CD8C63D7A77FAF15C35A9C31746B617136F658BA53C2D67FF4EAAA7196FBFBB7FC7D4EFC2D6950A987AEB4786AF1AF1EEDC1A7A6973F327C2967A9FC33F8C1E32F85DAB2FD9459EB725E68923C7F678EF3C35AA4A65B0962F2BC913FFA0CC39C83C63E9FE65F8B1C295385F88737C1A8BFA847112965D1E5D5D39CAF26A296D7EAB4F43FD03F09B8A2867596D0C5B92BA8C1578A776AAA492E75AB4FFABDCFB8346D534FBAB1FECD764DD37EEA1847FCB3FDD79B1032CB81FEA791FA57E1989A357477B37ABBDDE9FD3FD3447F42D2C7BAB49DE5EF5AE96EAFBAFEAFE97D52F933C5779F17E4F1447A6F83BC2536B4DA6C2F6D1A7F6BDAC125E7DA23847F6A5D45FF002C3F713DCDB5AE326CC8EFCD75E1A581A746D5749E9AA57B3EF6DAFF00D3F2F87C5E1336CC31559D1BB8B96DCC9296B7B3EEADDACBA1E57E27BAF8A10DEBDBEB5F0AFC42DA7CC9259EFD1350B0D42CD3CC3E6DCCB1456A7CFF00DFCD30FF008F9B6F5EB8AF430F4309595E9E36A293BDA32514A52ECDF4D7FE1B53DFCA38771EE32857A31A1192B4A3465CEDC6D677F36B75FF00013CC1E0DB5D4EEB4BB8D63E0C7C6345D1618E648F47D3EE869FAA4F27FCB5BB96486F3CFF003E7FF8FAFB35CD9F1E95E853C1E2A31B7352BDB7F68B45DFFAB7F97BF5384B259D4A352AC26961E1CBFC3D5ADDBEB6F4EAB43CD3C6F792787E1BCB8B5F82DF1534C79217F2DF5DB2D5350B88EE393FE8B145E4F936FC7FC7ADB5B67F115D14703376F6B8CA3CCDD928D68369E9D99C38DE1CCAE9612BD5C253C434FE1BD0924F7DDBBEDDFAF5B58F0BFF008694F8BF697969E1DF0C7C25F1CA4D325BDB464C72E9EF7171FEAA2BFF00B56A9E4DF4060F3C5CDB5A5B6064106F78C8F669E43818D175B198AA6ECAEE3CF06DAB6B1BA7BF92FD7DDFC833258A957782C3E1A6E6DB8C3DC9A4A5F65EDB45EEDEDDB73EACF865E17FDA12EA3F0F2FC4BD3ECED6FA49BED969FE9116A179691C117EE85DDCC90CD3C1E47FCBADB5B5D1B3FF008FDFB6FF00A657CA66F89CA1C27432F5CBEE4A2D38B8EDA377BBE9F81E8E579267585AF86A98C69A4FDE8AA97D1F977B37A1EABFB41789AF2DF4DD2EDEEDA15B858EDFCDB687CEFDE5C4F9FB545692F3FEA20FF49BAE3AFAD63C3D85FDDC9ABDACD2B6A9DDF75E9FF04FA2CFB1AA953F609A4ECBDDF35D2DAF7B7CAC7E53FC7EF8876ABFDB369A8C9E508FCB85625CC91A797179B6B1C7E4E78C8DB7631D0FB9AFD5F23C05571A2A0BDD6AD36ECAC9EEDE9D353F1BE2AC72A54DA6D36D3695F57F26F7DBAF9EBD3EA2FF0082487822EBC69F10BC75F14F505F334BF879A3DB681A5EF48E48E4D73C4C66965F2A597FD4DC58E93A6FFC7D633FE99D48AFEB3F03B875D3C56273F5751C1D37858C9AF764A774ED2EB67BDAEBA69B9FCD7E23E70ABE1F0F953B2755FB66B5D1C75B3D7BEFDFC99FBC97312EFE1768FE1F5FC71CD7F46D1D2135E6DFDE8FC76A2BB4D5F6B3F92FF8739EBC8576F3F3363FC7DBBFE9EB5D341FEE9792BFF5F7193D353065B7F9BFBA571EBC75F4E9E98E2A6EBCFEE7FE4739CE5DAF2DBBEF71B7E9F97EBEFD79AF46835C8B55B2EBEA454D547C93BF96A731326EDF923E5C0FAF5FE5FA5741CF34DDAC9BDFF4395D4E352A857E60C0600CFBF1D7FCF34D6F7ED67F8A337A249F77A3F3B2FC4F39D42D5E49BCC6FB8B8DCC41F73D011D7F1CFE75DB4AADD36B7EBF8EDA9C9C8BCD7CFF00CCC2D3AD7CCDBFECE3A76EBEA3AE6B84A3BAD1ED9DB6ED25479837F272786E8070738C7D78AC3A377B5937EBA6C74D1D13D1EAD74F4FF3B9EA5A7DAF9607F12ED1CF6EFF00D3BF5EA78AE09C9CECDF76D7A2B3EBE676436F9FE88EA2CE05FDDED5DBF38DDBFAF7F7CFE79FC78AC7DA797E3FF00B3A6B6B5593F87E63B7E4E9EB9FF3FF00D6A149BBEB64B5D93FF2EC38413565A58EBB4FB28DB0BF71971C77E7AF6F5F7F6AC65515AD0BF9BD9FDDD8E9A74D59FF005DBFCCF40D334F550AABF2E147AF4E99F5CF7FC78AE3AB2D2C9EEAC9ADD377D77B6875D38AB25A3BDACFB6DF89F28FED7DF08F56D5F40D2BE32782ECFED5E32F8636D7136A96114664B8D7FC0FFBFBAD52D628F3FBFD4343FF00909697C139FB659FA57E17E35702478B387E79960E94567395C5C63256E6AF87D5CDB6EEF9ADB28A773F5CF09B8CA7C2F9E2C0E23DDCBB1B25ED24DB49566D28BB592B79DF4F91F3D7C3CF8ADA5788749D3AE2D6F9E3332A4CD753FF00AB8FED198B117FDB0985BF5E9C57F9E19A6595B0939D19C650E572538CA2E2D49357BA6959DFEFE9B69FDE393E73431546357DA4651924D4A2F9AEA5AA7A5D6CB7DBF33DFF00C21AF476FAB5C6A82485BE4FF4C9DC4BE6DBC724DE55A98A68A13E7DC621F5CE0FB73F2F5A837AA4D3B7BAECF7F3D3FAB1F5B96E3A853A8926B56ADE7A6FE7F776F47D27887C2FE20D5AFED75CD0E6C9997F7D1CC87F77E5C5367C98A3E79FF8FAFF0049F4F434F0AA54EDED53D2F6695FD2DA5D35E9E9A9F412C5E268B55F0D59BBB5271BAF79766B7B77D2F6EFAB38BD43C51F16F41D36F2C5755B9B358D3CE5B74F2CDB5C7EF3FD5C51450F373DB1735EB52AEF9657AB369AB24D6FD93DFA7E2C8AF99E3AAAF6BEC637968D2BBD7FE0F56ECADB2D4F11F144FF0010FC5EB6F6B6333C979247F62BA95F3F6C8FCB90F12CDE4FFCB1FF0097AFE5452FAAD37ED6A295EFA69777EF6ED75ADEFA7DE7062333CF31587961695F0F0B34E51BB56B7F338A5DF4B6FAEBB16FC19F0C1BC3970350D62186EB5A87CC957509BF79E5F999FF0055E6E7FD23E9F962B2C5632AE23968D1BDB996B77B76EFB7DFB33CAC260D6013C5E3271AD8877B3934DF337A34D5BD6FADAD7E856D7BE215BE91AA4D6725DCEB711E9B78EB181F6892DFCC32FF00AC97C938B8FC73FA9AD68E552AB7AAE325CD68BB2EF65DAD6F4EBF79E1633388D2C435524A4D36D59B7BECF4ECAEAE99F15FC6BF1BC3AA6A50C9A84CF2C5A7D9EC5FB1C92BC925C5C467ED5E54421FDC7910436FFF001F3CF4E7D3EE321C07B2A7EC2DCB76ACD5F66F5B7DFE6FD363E1B3CCC235A4F13169A82726EFAFBAFAABF6FE91F8EBF18FC7DFDADAB6A13C31F95BAE4318A793ED1F6A822F3A212CB93D7B8EF8E0E7031FB2F0FE5AA9C17345CA3A7345AF8E2ED78BD16E9EDE68FC578833458BC473F34796376F5DEDDAEDF43F45BFE08DDFB797C3BF087893C41FB2EFC496D2BC3365F103C5BFDB1F0DFE215D3C5676FA878C2E2DAD34B97C1DE29BA93F71041AE9B383FE10DD507FA17DB3FE24D779FB65957F4C78759B51C060ABE43565F548E3ABC6BE15C7454D477A2B99E9CDDA576F65B9F82F18612AE3B13FDA14AED505CBCA9DFDD6F5B2D745F23FA64BBB730FCAF17CC3E421F3FCBEBEFC7AFAFED706926A4D464ED68BD1BF85AB2EB74AFE7BEC7C0DE3B5D5DE895F5BAD5DBF1F91CEDDDA797F329E4FCFD3FA73FA9E6B6A537183528DB4B2BA6AF6F5EBFF000E653A7657B3B75B9CCDD43F31C7DEC8F973F9F00F5EDCFE75D1BD3D35FF0087BFFC13297C2FFAEA625E59EE56DDF2F4DBF5C7BE79AAA351456B7BC9ADBD0CD349493EAADF99C86A366856429F374C741EBED8FF00F5D77C1E96EDFA9C6E09AEDBEDDCE26FE16E55C6D6FE1FE473D7F1AD1AFC93FBD2FF00339E4AEBB9C65EC7B94FCC83A7B7A8E7D3DFFF00AD5D143697AAFC8CACFB3FB8C1D321DBB437F163E6E3DFAF3F98E6B982CDEC9B3D1346B729F36EEBF79467D4FF00876F5C76AE79AB277FE56FF33B29FC0976D3FAFBCF49D39555578CB14FF3D0F3FD78AF3E567B59FC3B6BDAE756C95F4D16FA7436ACBFD67FB38EFD7BE7A7E3FD29F237F61E9BFBBB1566F64D9D7D82FCC08FFBE7AFA9EFFE7D78AC62D5A4AFAB5A2EAF7DBB970EAFA69AFDE777A5DAAAAC9753FCA90A069647C7971F3FEB65978F22B8EAB54A127564A9593BBA8F92CADBBE6B597A9D746329AF72329DDD972A72BBD3476FEB63E67F8BFF00F0501FD90BE04FDAAD7C67F19FC3BA87882D3CCF33C27E01F37C79E24F323CFEEA5B5F0E1BCB2B1B9F6D4752B33DB15F3D8DE22CA72F8CA557130ADCB1E6B53946A5F7BAF764EFD99EAE1F2CC755F7614393556E6E68DAFD755AFE9A75691F947F1ABFE0BD17C2DF51D1FF00677F8251D9CAF14F6D67E33F8B5AA477B7104B245E4C57F6DE08F0E11627C8E2E05AEA5E25BCE462EED3BD7C0E63E2150AD46B472EC142A29D295394ABA9539462D59C927BB5D37E8F4DDFD060F87311CD4E58AAEDB8494E2934D29DD35B2D168B5BBD1DFC8F8EFF00654F8E3F157C4FE1BF1BFC40F13D8C9AFF0086FC3DE33B3D3FC53AA695676B049A7DEF8AE5BBD68DD45A0E970C7041A389CDC9BA3A67FA1598FB18FB18C57F2A71E70CD0C44FFB460AF1C52954ABA2D6AB6DE9A6C9E97BFCFB7F43F0271756A4965B5B9BFD9D72F35E4EE96CD775E6BB5CFD4FF847F18BC2B7B7164EFE2AB0DDAB58488D0DB4775F63F3FCB88DADD7DBFF00E7E2CBFD278B638EFDF8FC471D9262A951937865649B6D27A76B3FF83F37B1FB765BC4585A98BC37FB45FA59B5ABEA9D9BBFA5FD6F747E8AF83FC65349631FFC4C2DAE21BB44BC64B6B7F3248E3FDF45E74B0CD3CF3924FD98FDA6E4E31DBA57C9CA855A7CB74D2EB7EDA791FAFE5B8CA58A49A92495B6EBD9FAEF7EBE5BB3BEB2B9D1750B776B982CE149AE62468D6DF992493F7C62FF005DFF006F3FCFBD74D1A6B95DFAAD13F44FE56B69D8F7EEACDEEADD35FF00873C87C577D6FA2EA3793694D6CAB6EF13B44BE545E5DBC71C3FBAC8F3BFD23F7E0FE23DC199536F4B5EFDACDFF5DDF6DCCDE269D3A32D6C9F47A3DBFA7BFEA7CE7F107C7D0BC0DA84ED3258D8C33DE5CAC52DB47FD9F1C71FEEA587F7DFBFF3FC9FC33F9F5E5D97CAA54718AF7A4ECAFBDF44B757D7BF9DCFCFB88336A5469D496EA1196BD169777D52D3AFE3E7F941F137F689B48FC537C91EAF0CD3CB0CFB6F86A137996F26A134314B17314DF69B7BEF2BFD1BECD9EDC645E67F50CB387EBAC1B7554B4D5D95F5E9656D5EFA1F87663C471AB5FF007724D3972B7CDA6AFBDFD3EEEF73E56F8A3FB42E96FE1DBEB28E64B4D51E2D39FCD593F79FF2C3CD861978F3FCF3F69B5C67AD9F1BB915F499470ED7789A159A92A295F55677D1A4E2D797E7EA78199F11528E1311463EF56969CD1575677D6F7DBAFE2CF8075CD7966D3FC45E24BE6FF47B0B3B88B4A81E4F33EDBAE6A1135958C92E47FCB19B17276E738F40057EB197E11D3E56B9972B4F6D744B5FC3D7A7A7E578FC64671B277BDEFCBAA57DB5DBE6BC8F9AB439648E50911910663DADF71E2F2F7132E3EBF9753C1AFA39566A74EAA6E12A528CE128FC509A77528F9AE9DFAF63C0A894A2E32D54A0E32F24E2D79F4FCF63FA07FD90FF00E0B49F15BE1DDAE85E04FDA57457F8BFE02D3ADB4ED22D7C71A5476BA7FC55D06CACE186D6D64BF1318B4AF1C5BC104383FDA5FD8FE2438CFF006C5E74AFD2323F10A74670A39BD18E2A95D4566326E5895D13704D4572A7A69DEDB9F258EE1BA334AB617492E9F0EADF6B2BFCCFE8EBE11FC6CF853FB42F81ED7E20FC1EF19E9DE33F0F492470DD7D8E4106A9A1DE79265FECBF11E8D7462D5743D620FF009F6D4ADBDECFED969CD7EA982CCB0998C3DBE13131C553E5BBA6DAE68DD5EEE29B6946DD7B7CCF93C56131786938568C94757CCD7BBA75E6B2F969DD9DA5C47B57E7046E906EFD78E3EBFE474F5E8CA3ECED757B77DF7D91C12F85BE967A98378ACBF28CB7FB3DBDFA76FC47F5A705F0FC8C0E32F916372ABDC1F9BF03DBEBFAE6BD4A7D5FA7EA73BF857F8BF58FF93FB99C35EAB6EF9FEF71F2FF00F5BA81CD6AFF0044BF04739C8DFC398DB6EC566233D71DFF00FADFD2B7A2D2BDFF00AD899FC2FE5F9989A3471BC09E6363A6CE99FCF903A7E66B85475F7AEBB74BFE03A52E58CB6DFAFA1E89A55AA01B9172DC7CA9D0727F5E99C7AD2AD68DF9AD14A3AF36914B5F89F45E67452529A7CA9C9DFECABBBE9DBAE8FCFF001317C5FF00183E137C32864B9F887F127C17E0B8A350FE4EBDE20B0B2D424FF661D33CFF00ED69FF00EDDADCF4FCFC0AF9C6538357AF8AC1D3714DB546BC26FEEE7D5BEBBEDABD8F4296071B5E368612557A275233566ED67B77D7D6FF002F8F7C6DFF00055BFD96BC18D3C3E1D6F19FC4EBD847CBFF0008E685FD8FA5C920F5D53C51369D70077CDAE997BE9D40AF94CC3C48C8B01FC2C4E22A3DA14E3479A3296CA33945E9193DDEBA5CF6B07C3399D649557EC13D3DD927A3B775D2FAFF0056F8AFE22FFC167FE2E6A9F68B5F84DF0D7C13E00818BA5BEA9E2492FF00C6FAEF967FE5AF943FB234386E0F5C7F66DEE79E6BE1F32F13B195B99E0F2FC351D1BE78D49A74F7B4E29EF24B5B356BFCCFA3C2F0853A4BF7F59B56D55E2D3EAD7929796DE773F3ABE2DFED75FB487C6A32DBFC4CF8C7E36D7B4A91C6FF000EDAEA87C3FE178CF5F2BFE11DD07FB3B4B9F1EB736E3E84E73F118BE29CEB358DAAE678B9C5E92552D1E68F54F45E9D2E9DEF73DDC265780C12FDCE1E0BB69F8EEF5BEB67E47CAEF372C23F9578DBB3BF61FCBFC7BD79AA296D7B5FBBDEEEFBBEAFFAD4F5CCE964548DC938080139E33D8E7BF4C9E3B734A6AF19AB5F9A328F7FB32FF3B0BAFAE8DF6DDDCFE8A3FE092FF0C63F11FECC1F1021BB8772FC46F1BF8A34A5B9C60C779A268DA0C5A35D71FF003C35586EB8C0E07A57CAE7F42788C2430D0B3953C3D59534DED3B3696DBDF6FBFD3AB2AC44B0D8C8D78BB538D68D2A8E575FBB93F79A5D74DFD16BB9E25F123E14F8B7E1B6BC3C6BF0EDAFE1B7B5BF924D47C366E65B7B782F63B99FEDF6B15AE7163E45FC39BAB5FF009FD07BF35F9460F154EA42796E66B96BFBF195D27C97BA4F5B74EEBA1FAEE27095697D5F33CB2D2C3C69A718F36936F56ACAEDDDA7B377D0FBE7E02FED5BE14F10784A16BED4934FF135B3DBC3E21D2EF3FD1E4B392D2C251E5193F73F6EB83FF1F3FE938FAF7AF8FCEB85F154AAFB4C15F1387BBF7BB27E515D3CF4F9EDFA270BF1DC150FAB6353C2D78D9F5B4BE72B6FABB24FFCFE86D27F68ED1A7B19EEEDF5446564DF243F68FDDFEEA13E575C417BE7F9DF68EFD0F6C57CDD5C9B1F1B25466F5DD26EC9EFD36F377FCCFD3309C69819E1E4FEB514ED75EF453BEBA5AFBBD3CFE763E76F88DFB44D8BDCEA51AEA76BBA1F2EEFECFE6462E2E3CB26596597CAF3B16FE40B6B9FF463FE23BB05C3F89A966A137AAE8ED27A797E3EACF9ECC78D70E959E27BA7EF5FEFB7F5F89F9CBF1EFF006C7B76D235CD0742D5E1D523D4A4F3603612795762392E8C535A5D4C7882DFFD0C8FB293679E3F0FD1787B842AC6B2AF5E828AE65ABD96D67B6BA1F93711F18AAD1C4E1E862253E64D593DD5ADDF5D75BAFC59F95BAC78CF56BFB9FB7DFCDB643349334D30126CF3E5320E2523FD1FBDADB75181CF15FA8E1F010A6952577F0D9A575CDD2ED2B25A7FC39F95CF1B351DED1576D3934DEEF4DB5F2EBE57393B0B4D57C537A7C85B9B9F3260ED72C26C62494FFAAE71C7A67838F535EDE13012A77555A6D3E64AE9EABFE1BF5D743C8C4E61EDA36A4DA7669F46EF7F37FD3B9C2FC5299ECAFED7C251B0D9A5059F5058F88DF54B841E545C75FB0DBCC3E9F6CF7AF657BAA5E8DEAFCD33CA92B256BF5EFD7CFF00AB9CEE85A4B1DACCBF7B0FBBAFAF6C77E78CD62E4DE8EC667A869F61FB893E4CED4673FA820F4FF0EDC1AC7DA7969D7D3F003DF3E067C67F8A3F00BC59A77C40F843E34BCF086BCB1C715D476B21B8D2B5DB38E43349A3789F4297163ADE9F718FF8F6D4ED8E326EECC59DE1CD7A593E758FC9F171AD97CDC23CDEF5272E585657D69CEF7E583D9B5B1CD8CC1E1F1941D2AB7774F5E5BF2F6EB776EDAEBD7BFF004A7FB2B7FC150FE0F7C72B6D33C23F15E5D37E0E7C53B836D67E56A577E5FC3FF165EBFEE7CDF0DF88AEB8D2AE269F3FF121F125D7B59EB3AC57EE5C3DC7594E71FB8C57265D8F8B49D187FBAC1E8AD4EB4E49493766F7DFCD5BE0333C8315838BA94AF88A3D16F25FF6EC55DB8AEDA6DE67E8DEA0B8418F9F71C46DFF003D22933FBD887F3EB5FA3E1DC7D9F3A945C1F2FBF17783D3F9B6D77FF2D8F9AB7273C66B95DB6968F67D1D99C1EA16F24B2B06EB19F9B39E393D003C7F2FA576C2568BD344B47D1DDDD6BDDBD3CFF3E3715A3D9277BECAFF00D2B1C6EAAF182DB06F909C9FE60F7EBDBFFD75B257B2B3F89EDE76317BFC97E48E2AE643CAB9DA768FAF1F8FE7EF5AAA57EF6EFA1CC7E1578B7FE0AADE3899A6B7F86DF0E3C37E1C83E6F2B52F15DDDE7892FF00BE64FB05AFF6358F1EB8BD1D39E481F80669E2C636B45AC1E5D87A4D27692A928B8BFE78DFED2DD777756EFF00A5E13822946CF155DCADAB5171973793D7CBCFBEAF6F92BC75FB67FED2FF0011966B7D7FE2EF89AC34FB8FF59A3F862E22F0A69422E7F77E578720B39EE01C9E2E6EAF323078CE4FC1E3B8E389330835FDA78A84249AA9156FDE46EEF19269FBB6BDBD59F4986C872CC2B6E961E1E578DACD7CDFE3F89F355C5F5D5DDC4D79757535DDD49B5E6BABC9E5B89E493906596597CE9CE72072C7E84F15F3126AA5AAD44EEF649B7EF5DDDDAF7577ABFBBB5BD7841524953B456CF6BB5AE9FD7FC3D6698B7D76E7F0FE9591401D955771033EBF87FF005BF1F6C501633E4624009CEEC74F4E718FCBF0A6B75EABF3032477F9B71FE3EDD8FA64E7E95DE7415245DCF147B370328FB9C7B1EFFD4F6A4F6F3D6DEB66296CFD1FE47F5FBFF0491F06A5BFEC45F0F2F9E3D971AE6BDE34D78373FEB24F19EB16B0CBF4F22CEDBA1F4E33C57858D839546DAF7A1AABEE9ADBFE0DFD7CC8A52E68F93BAF369EEBD7F1D4F75F8DFF0003A1935FD4BC4D636663D27C42B26A1AB5AC31CB27F67EA9711431DD6A914473FE8F3CF16353B5B6FF008F3CFDB31C5E57E49C67925684966B8352E6B7362D25EF3B6B7492BB4B6ED63F5CE09CF28D4A3FD918C6AD6F67836DA7693F855DB566FB6FF33F29BE3B7ECCD0DC26A173A035BE97E22B74DC1A1925B78EF3CB3E6E25922FF5E0F6E73D79AF0322CFE6A4A1575C3CFDD71DE5D9D96AF469DD9F479C70F4A3177BAC4A4E577A34B56AEFA77D3A59F93FCDFF001569DF183C397F2412DFF88AD5ADDFCF67B593F71FF2C62399479107FA886DB816FCFE3C7DE61F1194D65695A2E5B2714AEDF4D7CF4F23E3EA61B31A11BABB4B769B765BDFA68B4E9F91E67AC6A5F11B58993ED97DADDCC91431C3E597BAF30456E7CA8BCD190324C1923D08E8315E951AB95E192FDC534F4DE366B5E9FA74FD3CFAB4B32C545F2CAEAFBA9EFF002FCADE973C92FB44F114974DA7693A35EEA9ADC9F7ADD52531D98909115D6A921E21071C702EEF738E8335EFE0DBC5DBD927F5676E96FEADEBF3B9E4631D1C2ABCFF00DE545AEAFCDBBFAFABBAEA77BE09FD99FC6FE27BDB69BC4515CB79922654C7E559C673FF002CA21DBD31C63B6318F7A851852F556B5B5D74B7DDBFAEE7CF55C53A89277DF7B59FC96BFE5FAFD6FE29F87FE19F80FF000E355F11EAF6B6CD756567B34F89A3F2E5BDD42E731585845EF3CFCF5E3A0F5A6E6DD54D3F2BAD6CB476FC7F5396FADD69DBC8FC7FB85BCD775ABCBFBC6FB45D5F5E5C5E5D4A3FE5ADC5CCC6593F4C9E9C75AEB6EC9B7D0DDBB2B9E95A2689E5C79609BB03BFCBC7D4719FE43E9584AB748ABDD6ECC9CEFA2D9AEBBFE676696AB1C12B6D45C41E5E3BF7F71C9CFF0081F4E6BFAFDCFF00C881BA4E7CB841F997C88FB7FB0DDBA67A77FE592CE8A5F04FFAE86D242BB73FC3260BAE7F75C67DFD8719FEB9C23F145DDAE59269A7669DF75E68E7D35D13F26B47E4FD6EFF004D4FB87F675FDBE7E3F7ECF8B65A15AEBBFF0009F7802D7CB8FF00E103F1B4F757F67696FF00F2D22F0DEB3E6FF6E787393FE8B6B6D7379A383FF306C9AFBEC838FF0037C967EC2AD479A60EEB9B0F8B6E34E9C56F2872A4DCA3D17576F43C3CCF877039941D68A8E1F116DE9A5AB77EADFDDFA687EDAFC15FF8283FECF1F1CA1B2D34EBE3E1978E2F123864F0978E2E2D2C2DEE2F24C8F2B41F147EEB43D57FE9D4DCDCE8F78739FB1D7EE1C3DC79916750519627EAF53FE7CE212A3494B6BF3CDDF4D6CFAFDE7E7F9864198E013B52FAC514B99EADB8AE92D23F3F2B7ADBEA1D561DBB5BF787726E56EBFBB933FBDFA74F6E2BEFE8B8D5A6EA52946AD3695AA537CF4DFC36B4D68CF999E89A7A3EDD74F2382BC566CB7F11C3EEEA33FE7F2FA56D0BA6D3BAF26BAFFC31924E5B26FD15FF0023F8C48999B6EF3CFA639CF73EBFE35FC367F438F49194A7A647AFAF4F4CD6EF67E8FF002377B3F47F91750B7F786EE3BF6F9BF1AE0301C7EEB67E66C7CDD318C13D0FE3EF400D2CE23F99B903807BE4B71FE7A703DE837A4D28CEED2FF86338FCDF31E598FCADC7E3FD3D29ADD7AAFCCC0A4377F17CBD36E3FF00AFFCBF2E79AEF3A089F31389189EA0B0C1FF005639E9FE47E74AEAE9EF6777F73264EF195B5F75EDE8CFEE83FE09D9E086F027EC79FB3DE8B7C9E5DC43F0C7C3DA95E87C8FF4CF12453F88E5EBEFABFAFF00F5FC7AD7A98AAEDF59696FEB5DFD48A4F9682BE9657D7FEDE3EADF188D32CF45D475BD42F2C349D2F45B69352D4EFB52B8B5B3D3ECF4F8FF0075752DFDCDD4D0C105BF93FE938B9B9E83B135C189C22C4274E494A33F72AC77BC1DD4A2D79F6EFF0086F87C54E84A15E9CDC2AC1F3D39A6F9A9D44FDDA8AD7D636BEBA7567C67E33F87FE0EF18E8D75E23F0B5D58788FC39B3ED9A7EB5E1993FB6ECFCBB8CF9BF65BAD2FEDBF68D3F03ED36B756DF6CB3FB1F73F63AFC4B89784B32C9B175B1D97D05F51726E14EED4A8A7AB74E9DAED776F5F2EDFBC70B71965D9D6128E5D9C576B328A4A58C95AF88E89549BB4176D3CB5BB3F3E3C7BFB35F88F52B9923B2B6B99AD9FCC8E495ADED4F971FBC937FD76FF00979B707AF35E26031D98D68DA865B89C5D683BFB4542B351B3DF9A116B4F4FF35F4F8CCB32B8DE55734C1D0A725CBECD6228FBFCCB44EF25A3D9BD7E5B3E7BC1BFB17FFC256F79A4697259DC5AE9B3451F88F52B6D52C2FE7B7B8B888CB158C5169FFF002DC9E9F69E9D2BEE387B29CE736C57B6C7C6A61F0F16A5CB3528B76DE3CB24B5B696F2B9F05C499C6419261E587C14A9E231D38B56A76A94629B7EF46A45B4E4B757F3DAED9EE7A2FEC39E1DF0F4715BE9BA2C31989C798DF671E6799FF2D6EAE6519F3EE27FF9FAC0FAFA7ECB82C3D3C2D154A9A6A365D37F3F9FDFFA7E2D88C5D4C4D4756AB6EF7D777DDFAEF6F437B5BF833E1FF00696D7971670F9A89B1BF747FD67FCB2F2BBFE1FFEAAD6ACF91257DF4F5BE9FD7E46705ED6ED3D179EEB7EDFA9FCF1FEDE1F164F8C3E22C9E00D165CE8FE0DBA945F6C93CDFB6788648FCB9211C7FCC1219BECC3FE9F6F6F3D6AB0D1F767CC9EEB7BAEFF00D791A412776FCBF53E26D0EC0A3191D0EE2FDF23F0E7FC4FF86D59AE4DD6EBA8E6D35A34F5FF0033D02D55953D718C7EF07F5C1CFE95CA665F395865DCD9FDD3BF4EFE573FFD6A004D306D484FFD314F97FED91FA0F4E3DBBF159D4E9F3FD0DE934A33BB4BFE18E8635E117771B7E5FC8FD7D7D7D6B3301A1323D549EE49C8E47D0F07E9400491F272A1F03E757F4E7AE71FFEACFAD356BDE57514D3938FC4A37D5C52D5BECBA8D755CAA49AB383DA7AFC32EC9ECEDEBD0FAA3E087ED97F1DFE07F91A7685E287F14F8461C21F0378DA5BBD63433193CC7A5DDF9A756F0EE720634DD48DA2F6B222BF40E1DF1073CE1F54E952C44F1D95A69D1C2E265C89456BEF452E64F7B2BF4BE87839970DE5998A72586865F5ECD2FAB2E78B93D526DF47D5FE6CFD6CF82FFB7C7C1AF8B9F62D17C48E3E16F8C6E3CA88693E23BD8A5F0F6A73C99FDD68DE28FDD58F33F5B5D6EDB47BCFFAFD15FB9F0EF8919067B17EDF112C1664BE2A338AA786514B5B569B577F7BB3DCFCF335E14CD32D6A74AF3A527A469BF68F5D6ED455FD51FCC72337CBF3FE19FF00EB7E3F4AFE633F682D44CD94C1EE370C7D71FE149ECFD1FE427B3F47F91A1136E3B0FDD6E5875F2E4FCF1CFB1FD2B80C05DCDFC2DCFD4FF439A005937347D46DFE3E71EBD7F9F1FE1401991606E8FEFF0097845E3FE59F4FF273DF9A6B75EA808D50A3C7BD096C8DB90474E7F1E9F87EB5DADAB3D56CFA9B36ACF55B3EA1245E7C8631F334D988E47FCF53E5727AFD739C74EF5853D29D4BE964FF0026447697A7E8CFF422F861A7C3A1781FC31A0DBF9305A68FE15F0BE9B1EFFDDC105BE9FA0DA5866597FE585BC1059E7F3E95E473B552F1BF78E9F13F2EAEFE43947F7767756BBFD7F267F29BFF00052FFF008288788FF694F89527C24F8413EBB6DFB34FC3BF167F61C7ACE951DDC71FC6AF885653CF6B75ACB5D463C89F40D2E717107837411B85D823C497A73776AB63EA50C3BA54956A8FDEAD695B79C5EB676DD7CFC8E7495AEF556777A35677D15B6BFE8F6EBE6DF0F3C49F0C7E1F68B6ABE23F897F10AF35C4F9E5F86FFB39DCC769A9D9C91E6236DE2DF8BFACCB2685A66A30649D574AF04F86FC7A6CC0FF004CBBB3BD15CF8B8D2A89C713FBF8B5697B48AD62F4B69BDF45A599AD28F26B4AF171F7AEB46ADADEEDDF75A7F909E39F8B5E3AF88B6F1E9DE1FF000A7887C25E1E478E0B1B8F1FFC59F899F12F55B848FF00D49BABFF0016EBD0F81E7F260FF9F6F0068F6791F9F3619E07049C701CD835FCB4A92B49BB73465CC9D93D5BEA6F52753191F7E52AED6B7AB2946DBEAB5DF44FCF7EA7BF7FC13D7F6A4FF850DFB52F863C2FF15FE20CDAC786FE3741A3FC2FD5A2BC9EC6DF48F0D6A3A85FFF00C507AC476D6A7FB26C6DEC35C94E9D75756DF63FF893EB37BDB15DF454ABA72E4B59B6D72DB677BEDD5EBF3E9D392AC153EB7DB5BDF7BEEEEFD37D8FEA9753B7B3D3632F3DB4313279836ECC7FABFDD7E3E4CFC77F61DCECFDD5769AEBF719AD5B4ACEE92EEBA377F2F5F99F967FB66FC46B0F06781FC71E3CB8910E9BE0CD0750BFB5B57FF57A86B9245F65D06C38FF009FED56F2DADBF0FF0076BCE72552AC5DEFADFCF4B7F97E674C29C68C6D7B3D7E1B34FBFF005A7C8FE3CEE2EEF75AD5EFB54BF99EEAF6EEF67BCBEBB7FDE4B7179792CD75752F9A73FEBE797F5AF5DD926F6D3E5D7FCCD1A493E9A5BF3FF33A3B28116350A46D5C71F5CFF9FF00EBD709959F67F71B96D1ED3F976E3B9FE82B9C468CA3CC8A576C96682E5D9BFE5A799FBEFC7F52681D9F67F71169DFEA606FE3F2136FE111FEB45ADBE8237D0EC55F9BF4F6E98FAD03B3ECFEE248D78FF6863F99340890E70578C7CA7F2CFEBC7E5458767D9FDC5631FA9DBF87F8934086A26E2032EE5E3AFE39EF8E40FF00EBD03BDBFE193FCCF16690EEEA7FCFF3FD6BD7E65DD7DFFF0004DB99775F7FFC12DC6C5951DC1CE7B03F9E3FAD26D59EAB67D44DAB3D56CFA9A31C9EE3B7F23D79FF0026B84C4911994649DC5B1B94FF00F5FEBED9FAD00206CAEE0E0EEEBDFF0033F8F4CFE3D68020381DC73FC47F1FC7F9FAD00443EF7765E138E3FC7FCF7EF4D6EBD57E606A7866CE5D4FC51E18D2E340D26ABE25F0FE931839FDE49A86BFA75A8E41C1FF005C3804678C7A56F1B355D5F470D5F656777F214FE08F7F69176EA7F66DFB6EEB5F11752F877E16FD987E0ACD2DBFC56FDA935EFF00855367AADB03149E0FF865A5D8C5A87C55F194B2C589EC6DECBC363FB13ED5C63FB67EA6BCCC041CA6EAD4D6861F9BD9B6B796B676EA969B7E3A1B4E49BE44EEDAB69DAD6D7B3DB7D3D4ABFB427FC1393E10DB7EC0BE33FD9F7C05E1BB6B2D4BC05E03D53C59E0AF10DA41145E20B9F893E13F0E6A3AA5AEBD35F83E7F9FAE7FC4CB4DD56D7FE7CF591D79ADDD4AD52AAACEE9395B5BA496D67D3FAE81182843D96968EBCDDDFAEDEBE47F3CFF00B317C1BF0EE91F06FC31E3CF899F12FE1EFC24D0BC44679B4CFB4C72F8F3E2E7892DEDA63189741F869A3886E34AD3F1FE8F6DAAF89752F07E3FE5CEF2F2D2B2CC26FDAA874E5BABDECFD3CAFD7EEF3DA8BBF33EFE7E5B7DFADBAFCCB3F1C3E3EFECDFE03F0DDF58F833E1D7C42F899E279E17B5B1F187C62F1A4DA64514BCF977561F0FBE1F7F664F0DBFFCFB5AF88FC4BAC67BF0456784A152A59BE5B392EBFE4BFAD7D427569C13496893F45F356D3D2F63F3B7C05A1FC5EFDA07E23786FC0BE00D02C2D7C5DE36D4A2B3D0F4CF0C69969A3C69E5832C9AA6A1A845E7EAB069FA57FC7D7DAAE2E7807EA2BE895A8466A4ECF96EADE57F3EEF438256AB176BEBF34B5EABA2D75FBB576BFF0078A90F8E742F01F813C3FE3FD5A2D77C6761E07F0DE9DE2ED7ADA3FB3C7AC7882CF428AD759D66288E3C8FB75F43757375FF004FBF89AF26A57E78BDF44F46ADFE5F979F60A54952495ECFBC6CD3EFE9B773F9E7FF0082BE7C5AFECFD27C0DF0634B99565D7AEAE3C73E2686090EFF00ECBD2E69B4BF0EDACA0738BDBEFED2D4BFEE0F667DAB0C3D3BDAB3B277B7C9F5B77F33A27BFE7F3FF863F0A34A431C6CCC9F3339CF18C9EDFE735E9566B9375BAEA3935A6ABE25D4E9A0213E6C8DAE7E6FE7DF9FD315CA74B92B3D56CFAF97A9B10AAE432FDDE0EEFC4FAFE15CE70AD1DC8B51D6AC74A8635B97692798EDB4B1B68FCDBCBB93BC5145EA3FE7E6E81FC7A56B08D92BADB6EFB1BBACDA6B957DECBFA74656D6DFCC5C48B0A6F5CF99E5CBCC5EBFFD7EC6954E9F3FD0C92775A3DD743504AB938CAAF18DE3EBEB9E83AF19ACCED6D34D5D6BE7FF00049449D7FF001CFF00BFBDF9FE7F850CC1528A77E7FCBFCCB05FD7E6DC7A7B649EB9FD7FFD55749AE457697CFB69FA1B392B3D56CFAF97A88589DFDFA6C3F9FF009C7FFAEA0E1106771FA8C74FF3D7D6803C3164DCEA3FBB827F5F7381FD2BD002C472B3305DDF77014E327DFF002FA50068478FBBD3A77E7BFBFA7B57381219364607B1F97F3F7A00811F20EE3F2FCA075C138FE9C7D0D0093B3D1EEFF364E1BEE9EE147F5FF1A00A8DCE07A9FE40D3B3ECFEE607B87ECD1A2FFC247FB49FECE3E1DD8920D63E367C3B49379FDDFD9EDBC53A75FCBCF783C9B4E7B03815A42378C93DA5EECBC93EFD852692D5A4F5B5FBF95F73FB80FD9B7C196FE3BF13788BF69ED655E46F12585E7827E0DC334613FB1FE1359EA7E6DFF88E28A4388350F8ABE23B43E25177C7FC51F65E1BB2EBF6CC724A7EC97D528EB1BDDB5F0EBE76B5CB842D1759BF7B5F8B7DBADFA36B44BD4D0FDB73F68AF06FECC7FB347C57F8A1AE79D737967E1BBFF0EF85AC6D85AC979AC78D7C596B3681E17D2AC22BAFDC4F71FDAB79FDA3756D75FF002E76979472D49FEED7C2B56FD37D95EFD6DF96A8D2E9A767A59ED67DF5F9EFBFE27F19DE35F02DF7ECF1E1BF83967E23B88BC5BA67C72F01E8FE39F867E31F094A2E2C3C591EA7722C3538754B5CD9EADA56A1E15D73ED3A26BD6B71737A6CB59FF43B4B3CDA66A9D358B8BAAD38FD5ED0E57757F975FCBD04AA38A6AC9DFF00E0FE37FBFA69BFCB3F10F51D4F5E92CB53B9D1EDAC74AB7B6B74B0B38EEEDA4D435CB892EA18AD8C7A647E55F5819C4B6F7175FDA7A67DB3EC9906F2F0E09EFC152A74A327BB8A735E56BBD5F97FC3F6316EE9A6AD7BAE9E7A2D7ADD9FD62FFC128BF607D07F676F85DA17C6DF1DDA5B5F7C62F8A1A6E9F7925C5CDBC7FF00149F86EE0CF7F168DA6194E60FDC59FF00A5FD998E7AD675EBBAA9BDFA2B6B6D6CADFD77F41D3E5A4B96F6BADD7EBADB4D373F42FC53677DA8C7E30F105BDF4F79672EB7A7DB4B993CCB7D3E08ED4C56B1472E7F71FEA7FD2B8E2BCF97B4776FB59F9F65B76B597CFD297B37F0C5B57E9AABFC9FE67F143FB687C5A5F8CDFB47FC4BF1ADACE67D0D7C432786FC2E3FD6C7FF0008DF85FF00E24DA549191FF3FF00F62BAD4BEB7A7AE0E7A6853B517B5D34D5DD9DADAA07AF33F47DB4FEACBFE1CF9C2D80F979EA78D87AE7F9F5A09B1AF031C1DCDC7F0E41F7273FE3F8628020D52F753B5B74874DB78669E697C88E69B3F66B34C11E6CBD7CFC67B67E9CD42824EFAFF5F201BA068D1D94D25F5D48F7DAADCE04DA85CFFACE847951723C8820C7FC7B5B71F972E52B2F3E8BF5FEB734A704EEDCAD677E9D5DCEB449B421FBEDB1DD4FD73C75FA7F2CD6275392B3D56CFAF97A8BE632B7AF63BC7BF3F8507093AB227DF6F9BCC1B7AF3EB9C64D2B2ECBEE2B9E5DFF00044C1832AF38F6E719FA907A7B83E9459765F7073CBBFE08904BB5BFBDC0EBD7AFF9F6A64824BBB3F3FDDF2FE6E3F23FA74A00F060C376197F2F4E7B9EDFAF5EF5EC1D05B84F31F1DC6DF33EA7DFF9FF008D27B3F47F909ECFD1FE46B27DCFC47FECD5C06039F76C60CBF2E0C6DFC63A13C9C7D7F95004507C80841F2EF1EDDDC7F8D07451F827FD742D0DDDBE6FA607AD35BAF55F99CE532DB982EDCFD73D3FCE3B1F5ADC997C32FF000BFC99F5B7EC1BE0F93C7FFB6D7ECCFE0E0DE5C1AB78F3C9D426579A292DF46FEC1D665D4E5B59A223C9B882C05CFD979C8BCCE7A92254B92862AAF77CA97EBAEBA5BFCC250F691C3B7AB4AEEFE6DEBEB73FBF3834FB3D1F41B2D3747B7B6D3B4DD36C6DEC74CB18A3F2EDECF4FB28A0B5B5B58638F3E4DBC1043F66B5E3B7A815E7E1F48A5DEFF8D99BE23582F489FCCAFF00C16FBC67AE78CBC71F057F677D244D369FA7683E20F8C5E2282193CCB797501727C39A34975E96FE1CD0E1F12EB79C7FC79DEFDB3A8AEA55550849A49B49C9DEFB2269425CB78DACF7BBDAFD16BFD7E7F98DE14D06CFC7DA0DBE95E22F893616BE26FD9A341D43C65F043E1D78A8DA47A3FC41F0DEB3753DF7C79F871A36B12CA3EC5E30D2B5507C6DE17F0BDC9FF8A92CEF3C6369E1BBCFED7B3B3FB6670A9ED2126B7C4AE6D7A5AD65E9AF5D44DF236ACBE257B7AEFBFA23E6DD0749F04EBFFB41FC2C8FC257575AE6937FE2DF0B9D426BF8E2128B9BCF12457F169775E5451413DC58DBE2DAE6EFFE3CEEFF00E3F3FD0CDE5ED9D9F760E955852A8E6D7F0E69D9F937FD332AF5399A4F7BC6CBA257DBF53FBBB45BFD52DFC05E15D2617B558B41936ECC46638E0B5D1EC628A1ED81F6CB9C8C9FAE719CA9C17B1F9FCB7339C5352F36D6F7FF0083AEBD4F18FDBEBE2769BFB37FEC55F19F5BB0B986DF538BC2B27857C3AC92451C979F113C6F29F0E683245FF3DEE34A3A95CEB7EE747E4F7AE473E7AAA9E8EDADBA696EFA5F4FBD9D54E9FB1A5A6EDBFC747AF5FEBA1FC1EDC106511FCEE2107F79C7A7BF23F4EDEA2B620B56CADB4E3AED1CE7DDF3EF41D147E09FF5D0D58FFF0041C47B73EC7F2FF3CD07397601E68F29FE75385E723D7B74FF003D6B9C0B1079884C6FF332A0759071E647C8E9FE3EBD7D00270DF753B6DC7BFA7F876A007062EBBB9FF967F2FE7C7FF5FF003F700048DB9B77CFFBC5F9718E79FAE3B7FF00AE8017CE6DDFED7D79EBF4F5A007F98DF337F7B1F5EFFF00D6F5E066801F04DB7A9C2B4837638F5EFD3A13E878A00FFFD9),
 (2,'සුමිත් ප්‍රියංකර',1,NULL,NULL,1,NULL,NULL,NULL,1,1,NULL,NULL,NULL);
INSERT INTO `employee` (`id`,`name`,`gender_id`,`dob`,`nic`,`civilstatus_id`,`address`,`mobile`,`land`,`designation_id`,`employeestatus_id`,`email`,`assigned`,`image`) VALUES 
 (3,'කුසුම් වසන්තා',2,NULL,NULL,1,NULL,NULL,NULL,1,1,NULL,NULL,NULL),
 (4,'කසුන් ප්‍රියන්ත',1,NULL,NULL,1,NULL,NULL,NULL,1,1,NULL,NULL,0xFFD8FFE000104A46494600010200000100010000FFDB004300080606070605080707070909080A0C140D0C0B0B0C1912130F141D1A1F1E1D1A1C1C20242E2720222C231C1C2837292C30313434341F27393D38323C2E333432FFDB0043010909090C0B0C180D0D1832211C213232323232323232323232323232323232323232323232323232323232323232323232323232323232323232323232323232FFC0001108009000B003012200021101031101FFC4001F0000010501010101010100000000000000000102030405060708090A0BFFC400B5100002010303020403050504040000017D01020300041105122131410613516107227114328191A1082342B1C11552D1F02433627282090A161718191A25262728292A3435363738393A434445464748494A535455565758595A636465666768696A737475767778797A838485868788898A92939495969798999AA2A3A4A5A6A7A8A9AAB2B3B4B5B6B7B8B9BAC2C3C4C5C6C7C8C9CAD2D3D4D5D6D7D8D9DAE1E2E3E4E5E6E7E8E9EAF1F2F3F4F5F6F7F8F9FAFFC4001F0100030101010101010101010000000000000102030405060708090A0BFFC400B51100020102040403040705040400010277000102031104052131061241510761711322328108144291A1B1C109233352F0156272D10A162434E125F11718191A262728292A35363738393A434445464748494A535455565758595A636465666768696A737475767778797A82838485868788898A92939495969798999AA2A3A4A5A6A7A8A9AAB2B3B4B5B6B7B8B9BAC2C3C4C5C6C7C8C9CAD2D3D4D5D6D7D8D9DAE2E3E4E5E6E7E8E9EAF2F3F4F5F6F7F8F9FAFFDA000C03010002110311003F00E3557D7152AAF4A601C54D18F96A743945C6D145AA064673DE898FEE89F4156218F6DBA8EF4AC50A179AB091F1488BE956A34E29DBB8AE46A841F6AB11F1408EA558E8B0AF6248D7245594438E39A8635C62AE460530B8B1A9CD5948FBF7A489013C8AB71A7345912D8D8909EAB8AB28A3D053916A654E051601B1C4147038AB28B48A9C54CAB4C0704E29CA94F51C53C2F3400CDA69C12A455C9A7ECA0443B7B52321DA71E86AC6CA5D9C50163C11466A64518A628FD6A64A92D0C99721131F79855F5002A835500DD76807F0A9357997903D38A450AAA33569074A8517A5585CE4014C4488BCD4E8B4D55FCEA60303A5316C285F4A95462889735388A988744DF3007A56847CE315415391EB57E06C75A045A45A9945313040C74A99702801C054A82A3DE8A06580CFA9A724D116DA245CFA66802C462A5C7151C756146680115791520145380E6801B814538D18F7A047822738A95062A351527DD5CD4DCB43ECC6E9E47F703F2ABA064E7B9355AC5710EE3DF26AE20E295F5287A0C1AB080D44A326A745EF544A268F9EB53A81DEA241532F5A604ABC1AB318CD411AE7AD5B8579A421E882AC2C7B79ED4D550067D2BCFBC55E35996596C74F90A056C3CABC1FA0A16A3516DD8D7F12F8D4E972B5958056B81F7DCF213DBEB5C65C78A7579F96BF9973D95F6FF2AE7E49DE472EEC4B31C924F269A18FAF5A66EA091ABFDA5772B664B87918720B3126A7B5BF9927F30C926F3FC41BAFD6B203EC1C1A9D2E98C6148E47434C763D37C37E307B67586EE579149C00E727EA09AF49B799278D5D18104678AF9CE1B8DCAA0B3065FBBCD75FE1AF12EA16B2A66779172018DCE723348CE70BEA8F66A5ED4C46DD186F514FED418899A297341EB408F064EB4E98E13148839A571B9D17D48A83445D8176C407A002AD20A8907CB53A0A450E4153C79A6A0E79A993AF4AABEA2B684ABD2A645A8D4558418A1B0268978E6AD46B815020AB094AEC4EC57D5EF069FA2DDDD64029192B9FEF76FD6BC2DE4324ACCC4924E4935E81F117572561D2E338E7CC939EBE82B83488632455A34A6BA910527B54823353AA2E05040141AD880A5491E430C8E29D804D140138C4938601507A56A5BC8B04BBBAB2F3CB706B14311D3E9562CB7CD70B1EEE09E79A64B3E86F0EDCB5DE81653B9F99E2526B4EB37431045A3DA436E7F7691281F95696291CCF7168A4E9D4D1B97D45023C3105245F35CE7FBA334670A4FB53AD064BB1EE40A82D1A66331ED07D2A441C542A77724D4CA3814864F18AB082ABC648E8715623A6C0B083152AF5A890F156438906589DE3A7A6290C9A3E9532F02A18C54CA3F3A2E4B3CA3C6AA5FC57700F4C2FFE822B09A45438CD763E28D1EE2FBC4F37925433468727DF8FE9547FE108D4D230E5616CF41BF9AD526F63787C273C8E85BAD48533D3A52DFE91776172629EDD95C7F779A4B76D8877820F6C8A4D35B96869403AD34EDCF5E29B3BB3B6003F80A67924724313EC2806CB10A2B3E38356A34FB3DE21E8A4567C67CA9030C8C7635B0EAB716714E9D55F69FC68133DB3C25F3F86ACDDCF2CA4E7F135B097AB6DAA59DB3AEE59D8A824F00D67E8501B5D0ECA12305615C8F7C7355BC4523DB5BDB5DC7FEB209D5C7F3FE94D6E723DCEC6442ACD985368207A9351A2C2339B6815FD588C546E6C2E84176B113F688C4AAFB8E0E474E0F5AB314368C4C6123DC3A739C8FC6BB6D1E54EDFD7DE45F53E77760133DAA7B41B6DD4F73CD549CE42A8EAC715A0830AA07A66BCD66C8B295605568EAC8A604C9E95623355D3AD4E869EA058435321E6AB29A990E48A571EE5D89882083CD6378AF5192C7463E4C8C92CAE10303820753FCBF5AD64E0573DE3587CDD156403FD5CA09FA1047F85095C23BA38F8358B8DEC6E26795C001598E48032719FC6ADCFE2ABE58B6A1C1E304F35CF86DDC9EF41603AF3571934F43A391334535092ED8BDC396959B258D55D4E4692E7E46C003191DEAB12DD471F4A4396504F354E6DEE0A36772D59CBFBA7DE7E65E849E715AD79710496A0871D00E0F35CEC8A50E54E296399BA300CBE94467622516C9CFCCE429DCA3BE2ADD832C1706E258C491C78664E9BB9E055585E30E46CE3D49AD07545D325707E6C7F5A86CAB1E97E10F1B4BAF6A0D633DB244C22320643E840C63F1ADEF118DFA2CE7FBA41FD6BCF3E1858C926AD75A811FBA8E2F2C1F56620FF0021FAD7A2EAFF00BCD26E97FD827F2E699CF51252B22D7822FA3BDF0F496B328792C9F2A09FE16E47EB9FD2BA13710294668E3079192C491D7FFADF9D79AF81B51FB178963898E23B9530B7D4F23F5007E35E96E15AE1EDCE036DDDCAF0C3DBFCF7AD949DB7124BAA3E761F3DD20ECBCD6803CFD38ACD8182CCEE79DA31FE35A2808519EFDEB9AC1A96A33C54E879AAD11E3156168193A9C54EA6AB2F3532741E94EE0595AB1F26729D3D2AA8E0F3D6A407148362EAB022AA6AF6A6F748B9B7032CC84A8F71C8FD454C8D8A95581A480F1A917CB90A904107907A8A780AC335B5E31B65835D76540AB2A8718F5EFF00A8AC247C0AABEA74C5DD5C253B4600E68F3A44836328E69A72691DD946D2BC7AD0B529B2313124865E3B535462957A669E7D45324727D6B463265B1910B7DE18ACD4C9205759E13D246AF7C2277DB1C437BF19DC011F2FE3409BB6A7A078334E3A5F866DE3618925FDEBFE3D3F4C56C5E7CD653AFAC6C3F4A7210AA140E07029B2B6F0C0E06476A672377773CEE2B96B6BA8E68CE1E370EA7D083915ECCF7826860BB8A50B1CD1A48323B7191FA8AF0F9C949197D0915E95E11D49AE7C291A10AF25A4DE59071F70F3FC891F85545F4348BB3BA3C82DC06B695CFDE39FD6B46262CABF9D64DBBFC9B71FC7827D702B562E1547B56422DA0A9D7EB55D0D4EA68BD811321A993AF5AAEA70D53A9E6802C29F5A914D40BEF52A9A105CB00F1522B5401BA54AAC0D170660F8C34E379A72DCC4B992DF248EE57BFF009FAD79D9F9735EA9AE5CFD9F48B871F7B61AF2A0E1FF001A6B634A6FA098673CBE3D2868A5C91907F1A4D859B19C52C916DE8E33546A445590E770CFA53D1C9183519C834F43CE4D022C4431835EA5E04D31ECF496BC914AB5D1CA67FB83A7EB9AF2E89D5644079DCC0015EF764635F0D42C5485B78C0C2F65FF00EB52339BBAB0E0F8EF4AC46DCD451B24D1F99048B22F7C751F51416F9695CC2D63CEF52509A8DC2F4C487F9D74BF0FAFBCBD4EE2C49052E623807FBCBC8FD33581E208F66AF3FA1C1FD2B36DEEA6B6996682578A44395643823F1A699A233972971B1B83B89C7E95A51927D7159CC939BE9CA6D3B5C805BEB9FEB56916F08FF591FE559EA0EC5F46E7A1A9D1CFA5672C579DA741FF0001A9560BC3D6E40FF800A6234958FA54CAC7D2B356DAEC91FE987FEF91520B4BA3FF002F8FFF007C8A682E6B47205DDB864E38FAD2A39F4AA106957D3636DDCBCF7DBC56DE9BA37D9DF7DCDC4970C3F87A014D442E105BCD71F7178F53D29F7052CCEC043CB8E7D054F75A918C18A15D98E33E958B2392D924927DEA94508A7AD87B9D2A7E4EE6AF35524654F0CA48AF55BA8B75988CFF001579A6B36CD63AABA9FBAFF30354CD29BD4AC5CF71F8D372339CD19CD358F6A9351DB867AD2193D29A06686C76A00D0D0ED9AFB5BB58C8CAEF0CDF41CD7D0DA29511889B9523041E8735E4FE0ED1BCA58AE5D4F98DC9FA1E95E996B750DBBA869A35381C1614CC64F539FD751FC33AC47F6763E4CBF3A73F779E95BFA5DF5AEB300123AC53FF0078746FC2AEEBFA4C5E21D24AC7B7CF41BE16CF7F4FA1AF38D2EF6E348BD785C32156DAEA7B1ACED61337FC4BE14D465B9FB45BC6B3AEDC108DCFE46B8FB8D3EEAD5CACF6D2C6475DE8457AD69F7FF6DB2DF1300C0743C8A71BBBA56DAD0C647F7B791FD2AAC4A763FFD9),
 (5,'G.C.M පෙරේරා',1,NULL,NULL,1,NULL,NULL,NULL,1,1,NULL,NULL,0xFFD8FFE000104A46494600010200000100010000FFDB004300080606070605080707070909080A0C140D0C0B0B0C1912130F141D1A1F1E1D1A1C1C20242E2720222C231C1C2837292C30313434341F27393D38323C2E333432FFDB0043010909090C0B0C180D0D1832211C213232323232323232323232323232323232323232323232323232323232323232323232323232323232323232323232323232FFC0001108009000B003012200021101031101FFC4001F0000010501010101010100000000000000000102030405060708090A0BFFC400B5100002010303020403050504040000017D01020300041105122131410613516107227114328191A1082342B1C11552D1F02433627282090A161718191A25262728292A3435363738393A434445464748494A535455565758595A636465666768696A737475767778797A838485868788898A92939495969798999AA2A3A4A5A6A7A8A9AAB2B3B4B5B6B7B8B9BAC2C3C4C5C6C7C8C9CAD2D3D4D5D6D7D8D9DAE1E2E3E4E5E6E7E8E9EAF1F2F3F4F5F6F7F8F9FAFFC4001F0100030101010101010101010000000000000102030405060708090A0BFFC400B51100020102040403040705040400010277000102031104052131061241510761711322328108144291A1B1C109233352F0156272D10A162434E125F11718191A262728292A35363738393A434445464748494A535455565758595A636465666768696A737475767778797A82838485868788898A92939495969798999AA2A3A4A5A6A7A8A9AAB2B3B4B5B6B7B8B9BAC2C3C4C5C6C7C8C9CAD2D3D4D5D6D7D8D9DAE2E3E4E5E6E7E8E9EAF2F3F4F5F6F7F8F9FAFFDA000C03010002110311003F00BA2F4A8C76EE3FC29CD7BE60E5B9ECDEB59F30DCB91D6A8FDA1A39307F11EBFF00D7AD24EE73A8D8D9F38B0E78A6939AA90DC0750739157A35DE335997CA5575CD5775AD096222AA3A526AE688A6C2A322AC3AD42D58B18CA28A2800A51494B400B8A70029B4A0D003A9CA29A2A45A0052B915E8BF0DC462C2F5422F98B2025B1CE08F5FC2BCF40E2BB8F87736DBDBB833F7E20DF91FFEBD547703D0ABC5B538BCBBE9D476735ED35E41AFA797ABDD2FA486B46EC061B8E2ABB8AB4E2ABB0E6A2E05B66CAD53B8884809EF53EEDCB4D284F6AD085E654B6122CD8C73DF3DEBB4D0F44BAD4222D0A12A08049E82B9B8A01B81623F2AEFFC27AC8B58BECB27FA92723FD93EBEF40DB5B19BAA6877360D89572A7A30E4560CD0119E2BD8E6861BCB728E03C6E323FC4570DAE680F64E5D06E88F46A7B8B6386923C55675E715B1736F8CF159D2478ACE512D329918A4A98A1A615ACC698CA29FB68DB40094E028029680002A5514D519A9545021CA33C574FE089BC9F1144BD048ACA7F2CFF4AE71056AE832FD9B5BB397380255CFD33CD5203D7EBCA7C529B75DBBE3AB935EAD5E65E2F50BAECFEF83FA55C80E55C726ABB8E6ACCAC077AA72CA0679ACC0B72C1240FB2452A7DEA3CE0D760B0C375179532065EC7B8AC8D47409AD41961CCB0F5E3AAFD6BAB43994BB9988D5A961398DC106B1802A6AD41361851628F43D1B5B3100921DD19EDE9F4AEA3F73796F8F96489C57965B5D6DC735D1695AD35B38E72A7AA9EF49AB95195887C41A03D9933440B407BFA7D6B8DB8870C78AF66866B7BFB62570E8C30CA7FAD79F78B7443A54AB7110DD6D21C7FBA7D2A5EBB9695B638F64F5A8996ACC8CB8EB5525991739618AC5A286D19AA52EA76B1FDE9E307D3773501D5A123E4595FF00DD8CFF003A9B01A5BA8DE2B20EA370FF00EAED187BBB01502DE5F4CF2281147B0E0F56ED9F6F5A7603A0120F5A789D477AE7C2DDBFDFBA61FEE281FCF34E1661FF00D64B2BFD5CFF004A1580DF37F0443E795147B9C52C5AED9AC80ACC18A9CFC9C9FD2B221D360DDC4299F5C735D1E93E1D92F187CBB53D715A2426EC76FF00F0B474858D07D9AF6598AE4858C28F7EA6B83F117896EB57D4E5B9B6B31123E30247C91C7B0AEC2DFC176697D68D22EEDC8EA73DCFCA7FA1AB179E14B30A424607D2A89E73C965935294FCD3A20F448FFC4D547B495FFD6DCCEFFF0002DBFCB15DEEA1E1B684931F22B02E2C248C9CAD4D87CC8E96DEE27B6C11FBD8FD3B8AE834ED422B85F95B91D54F515C0DB6A52C0402772FA56ADBDE5BDCB0747314C3A10706B54CC1C5ADCE9B51F0F5BDF2996DF6C53F5C7F0B7F8572375673D94C639E36461EBDFE95D259EB325B9097632BDA551C7E22B6654B5D4ED809024B1B7208EDF434C4AE8F3F4B968C8153A6A8C8D85562455DD53C3D2DAB996D899621DBF887F8D61264B918EF49BB16B53A1B5F12DF5A36F83E56F76EBF8555D575FD7B5988C0F38F289CED48C549A6E9C66219C7CBE95D35B5943101F28A9948B8A3CBEE74DBFF00B4C692C93ED64663FC3D31E9F5AACFA6440FCE9B8FFB64B7F3AF5C9ED6193508D4A8FF0050FDBD4AFF008573BABE8680B346B8A86AE8AE63835B78E3E15157E829768F4AD2B8B268D88C74AA6D1906B36590EDF6AAB6E3FD2AE47FB63FF41157B6D57B64CDEDD0FF00697FF411401322E4D5A8A0672028A7C16F9238ADBB0B30586455455C44BA4E91BD833AF15DD69B6C91280001593671AA28E2B6A09028E2B433926CB37B308E5B161C6262A7F146FEB8A7BCA1C62B1F57B9DB6F13E7EECF1FEAC07F5A9D67F7A09E5636EA257078AC0BDB047C9DA2B7649375539C0228158F288E5625B3C80702A65979E0E0D4302E63DDEA49A93666A133734ADF559A11863BD3D0D69D9EAA636DF692F96C79319E54FE15CCFCCBFF00D7A4F370720ED356A443823D16D35E8EE311CE3CA97DCF07E86A2BAB08259C4AAA15C9E48EF5C27DAE678CA33F1DABA3D065BE2144B26F800E09EB4390B94EA6D6358D401539970C2AAAC985A89E6F9C7359C8B45B49F76A8C33F7601FAB1FF0A7DC10EA41ACB826CEAD71CF48631FABD5C7932284DEC330B50B504920561CD6DD78AEA6E46E06B2E58327A5125A81826DCE7A5416907FA7DD023BAFF2ADE36DED556D2DFF00E26777C7F73F9524809ADE0E9C56E5A46100E2A08200A0715A112E2AD2B017A13815644B81D6A92B6052992A85720D6E6C69370DFDC01FFEF920FF004AB31CF9039ACED53F7BA75D47FDF8997F3069B6171E659432E7EFA03FA540CD7F37B535DB22AA89314925CA22E5DD547B9C55225D8F1F8B509E1007DE51D8D6841AA412603E51BDFA5548CA855031C558168B71D2D9C9F58D4D4BB168D150B22E51830F51542F06C8DFE953DAE83A8312D690DC71D418C8ACDBF96EE0B87B4BA8F12038208C11493ECC6E2CBF636AD712227E66BB5B048EDA158D3802B9B58750D35423592AB119CB48297FB4F531F763B75FAB1345D30E49763B233E075A81A71BFAD72326A9AAB0FF005F6C9F4427F99A80DCEA521CB6A5B7FDD880A4E4BB8D539763B0B59F3A95D9CF4545FD09FEB5A0660475AF35B66BA9351B947D46E768DA4B2B01B8E2B43ECB111FBDBABA93FDE98D3E7487ECA4CECA49900F9980FA9AA725ED9A7DFB9857EB20AE762D3F4B63964DDFEFC8C7F99AEAF49D074A96C5255D3ADD819426FF00241E7D338A9F6C8D161E4FA994FAD69684E6F23FC0E7F9555B4D52D9F52BA78239A652A98F2E227D6BD46DB418A35062B348F1D71101FD2B9ED66C7ECBAEB12A017810FEAD446ADE5CB614E8A8C6F73123D4253F734DBB6F73B57F9B54EB77A8B7DCD3557FEBA4E07F206AE8C76A783C56C735CA3BF5761F72CE3FABB3FF00414D687567EB7D6E9FEE5B9FEAD57CB546EFC75A00CA96C6F1F225D56623A612345FE86BCE62BDD726D41F4DB4BC9CB45955512ECC05E2BD49DFAF35E5F936DE3C955495DD33F23DC122A5BB26CA8EAEC492693E239B226BDFFBEEE18D496FE02D62F93CC1756E5738CE49FE95BA885EED959988DA0F5FAD751A1623B6923271F3E47E23FF00AD58D2AAE6F535A94D415D1E6D6BAEDD5B3ABC32AAEDE8360FF0AEC348F885246E8B790ACA87EF11F2915C1C45611945E7D4F341F9DCBFDD6F41D2AE4A32DC516D6C7D1BA04369AAE9DF6CB7995924627A74F635E47AE69EB77F1264B50C0892F0479C7FB416B73E15EAD343AB2D992CD1CCAC0A83C0C0CE7F4ACBF0E4E753F89914CAA1CBDC34983F566FE958BB453B6E69CCE4F5D8DCF1DDB7D8F575851C951102481DCE6B852267662B212B9C74AEF3C71234BE2699242AC502A8C740300E2B988E345B6CAA019249359C24EC69AB5766348932E0976EB4F553EA6AE5C20C8FAD413CB0DB47BE69151738C9A536F62E295AE1A7C019EE1CF24B01F966B5044B8C62A868B343711CE627561E61E95AC00CD56BD476BEC530804C4631835E97E1DC2F84ED0F1CDFA7FE842BCE0E3CD6CFAD76D6DAA45A4F80E0BB9016486F1642075203F3511F8C725789DE6B1AB5B689A5CFA85D9C4510CE0773D857CF9E2DF8A179ABEA3E75946B6C8ABB063924027B9FAD3FE267C443E23992D2C5A48AC917E646EA5BD4D7983CA4F39AEC8A6E57670BF7558E8E2F1BEB705C0945EBBE0FDD7E54FE15E8FE19F175AF8822D8408AED465E227AFB8F6AF10279ABDA55F49A7DFC1750B91244C187B8EE3F2AD4CDAB9F40B3D42EDC66AB5A5EA5E59C370872B22061F8D38C9B9B04E2A5C9212435DBB9AF34D75BECDE3957E81A48CFE6003FD6BD21F6FCC37F03DABCCFC704C5AEC130EF12B7E209A9BDF41AD0EE34C7DBABC59E8C8C2BA52C42F06B90B19317B6EE0F1BB93EC6BA5590118DC07B66B3C2CAD1699BE2136D3478D7DA595B0455A8AE44A768C67DAA82BC72B65988F7C54AACB190A833FED1AA6423B4F0BCEB63AA0376DE5ED86570BE6EC390848E474ABDF0DAC4DFF8BF062495224672AEE547031D47B915CBE93034D3DCCF826386D5D9F91C12360FD5857A4FC19855AF754BAC0C2A05CFB16FFEC6B19BBAB1A276D4CDD51D23D4EF1995502BB6150E40E7B66B2E391DE24EFC66A7D7A612DDDDC91FF1BB30FA13502831C6A3773B7AD671D8D9BB95EF2558D43C8C1541E49ED5C76B77A35098796E44683001EFEF55F5CD5A4BCBB75573E52B10A3B7D6A95BAF9D32444FDF60B9FAD744295BDE6613A97F751D4F832D265B89670FFBADBB597D4D76BB79ACBF0F449069488806371E71D7815AB9E4D65277773A2094558A2FC4AFCF7ADBD681FF00854C5F3FF2DFFF0066AE7E63FBF939EF5D0EB631F0755BD65FFDA86B05F19AA7A33C55A3696795DC1C6EC13EF51BDB45D9B9A96EA79E7660E428272428C0240C67F4AA2525078C9AEF479ED8AF105380698C0A60F634D00939393ED53230F2DC32E542E5467A1ABB344E87ADF846732785EC8B750A47E448AD690E548CE3DC1AE3FC2BE22B083418A0B99A38248894DB83C8F5AD76F12E907FE5FA3FD6A1AD445F31647DF7FF00BE8D711E3F4C4D6527AAB2FE447F8D74A7C47A49FF0097E8BF5AE77C557167AC5B402D2EE1778D8939278047D3DA849DC0D1B29CCBA75A480F5443FCB35D0063B463D2B8ED2AEE0FECF8ECC5C23CE919CAAE78C7D47D2BA07D4ADEDA15123FCE54305C75CF4FE46B8F95A9B476292714CF39130C6D2B8A7870A436781544B81DEA7B5688B83338551D01AF4391338DBB1D7DBEAA9178525B68AC84524AC824B8DE49914316E9D87DDE9E95E91F06D36787B57BB67C264061F4563FFB35799412412591DA55D36F4ED5B9A278AAE748D16E74CB48A18ADEE492F9C96E401C73E828AD836E3EE0A1885AF309AC308D256C9EB8033505A5F2DCD9BCADF2ECC823E82A86A22EEF576C1E5B293924B106AB2C1A8C3A7CD008622AC0E48739E9DB8AC3D8CA0AD25A9BFB68CB5471F29CB938EA73535B9649A3703956047D6AB3921BE95A166C652114A863F773D335B376464B5677FA0CE5F4C8477C73F5AD906B96D260D5E1B18BC94B528CBB86F66CF3CD6946FADBAE552C48C91F79AB9FD9C9EC6FED622DD1FF00497FAD74BAEB1FF853483D25FF00DA86B94365AD4B2B31FB0E4F38CB568DE4DAF4DE171A3CA9602DD5B76F1BF775CD66A84F9933455A096A79EEAF25A4B2C6D670BC4BE52065639F9C280C47B1393F8D66097C904BA93B8601CF4AE83C41A45DE9F6714D74D00CBEC5099CB7193D47F9CD7304A15F9DDB35D4A0FA9CCE49BF746823248CE0D2E49E3D6999C1E0F156F4D856E6F3CA65DD95381EFDAAD221B2B838181D28DC7D6AFDC406D65314F612C4E3F85C106A30B19FF9756FCE993CC54DE7D6BA3F095C2C4F79E61C02ABFCCFF8D650894FFCB94A7E955A695A09B10092038C30DD83409BBAB1D0BC8BFF000992153F2CA98CFF00C04FF856A6AF139B7B49D0676FEEDC8F4EC7F9FE75C4417B2C57D15CBB34AD1907E663C8F4AE817C4C6EE1166D6C1779E1F7F4E73D3158D48B735246D06941C59FFFD9);
/*!40000 ALTER TABLE `employee` ENABLE KEYS */;


--
-- Definition of table `employeestatus`
--

DROP TABLE IF EXISTS `employeestatus`;
CREATE TABLE `employeestatus` (
  `id` int(11) NOT NULL AUTO_INCREMENT,
  `name` varchar(45) DEFAULT NULL,
  PRIMARY KEY (`id`)
) ENGINE=InnoDB AUTO_INCREMENT=3 DEFAULT CHARSET=utf8;

--
-- Dumping data for table `employeestatus`
--

/*!40000 ALTER TABLE `employeestatus` DISABLE KEYS */;
INSERT INTO `employeestatus` (`id`,`name`) VALUES 
 (1,'Working'),
 (2,'Resigned');
/*!40000 ALTER TABLE `employeestatus` ENABLE KEYS */;


--
-- Definition of table `gender`
--

DROP TABLE IF EXISTS `gender`;
CREATE TABLE `gender` (
  `id` int(11) NOT NULL AUTO_INCREMENT,
  `name` varchar(45) DEFAULT NULL,
  PRIMARY KEY (`id`)
) ENGINE=InnoDB AUTO_INCREMENT=3 DEFAULT CHARSET=utf8;

--
-- Dumping data for table `gender`
--

/*!40000 ALTER TABLE `gender` DISABLE KEYS */;
INSERT INTO `gender` (`id`,`name`) VALUES 
 (1,'පුරුෂ'),
 (2,'ස්ත්‍රී');
/*!40000 ALTER TABLE `gender` ENABLE KEYS */;


--
-- Definition of table `loan`
--

DROP TABLE IF EXISTS `loan`;
CREATE TABLE `loan` (
  `id` int(11) NOT NULL AUTO_INCREMENT,
  `smember_id` int(11) NOT NULL,
  `loantype_id` int(11) NOT NULL,
  `amount` decimal(8,2) DEFAULT NULL,
  `dorequest` date DEFAULT NULL,
  `doloan` date DEFAULT NULL,
  `balance` decimal(10,2) DEFAULT NULL,
  `dopay` int(11) DEFAULT NULL,
  `duration` int(11) DEFAULT NULL,
  `remarks` text,
  `interest` decimal(5,2) DEFAULT NULL,
  `loanstatus_id` int(11) NOT NULL,
  `employee_id` int(11) NOT NULL,
  `approvedamount` decimal(8,2) DEFAULT NULL,
  `employee_approved_id` int(11) DEFAULT NULL,
  `doapproved` date DEFAULT NULL,
  PRIMARY KEY (`id`),
  KEY `fk_loan_loantype1_idx` (`loantype_id`),
  KEY `fk_loan_employee1_idx` (`employee_id`),
  KEY `fk_loan_employee2_idx` (`employee_approved_id`),
  KEY `fk_loan_loanstatus1_idx` (`loanstatus_id`),
  KEY `fk_loan_smember1_idx` (`smember_id`),
  CONSTRAINT `fk_loan_employee1` FOREIGN KEY (`employee_id`) REFERENCES `employee` (`id`) ON DELETE NO ACTION ON UPDATE NO ACTION,
  CONSTRAINT `fk_loan_employee2` FOREIGN KEY (`employee_approved_id`) REFERENCES `employee` (`id`) ON DELETE NO ACTION ON UPDATE NO ACTION,
  CONSTRAINT `fk_loan_loanstatus1` FOREIGN KEY (`loanstatus_id`) REFERENCES `loanstatus` (`id`) ON DELETE NO ACTION ON UPDATE NO ACTION,
  CONSTRAINT `fk_loan_loantype1` FOREIGN KEY (`loantype_id`) REFERENCES `loantype` (`id`) ON DELETE NO ACTION ON UPDATE NO ACTION,
  CONSTRAINT `fk_loan_smember1` FOREIGN KEY (`smember_id`) REFERENCES `smember` (`id`) ON DELETE NO ACTION ON UPDATE NO ACTION
) ENGINE=InnoDB AUTO_INCREMENT=9 DEFAULT CHARSET=utf8;

--
-- Dumping data for table `loan`
--

/*!40000 ALTER TABLE `loan` DISABLE KEYS */;
INSERT INTO `loan` (`id`,`smember_id`,`loantype_id`,`amount`,`dorequest`,`doloan`,`balance`,`dopay`,`duration`,`remarks`,`interest`,`loanstatus_id`,`employee_id`,`approvedamount`,`employee_approved_id`,`doapproved`) VALUES 
 (4,54,3,'5000.00','2017-02-21','2017-02-22','0.00',25,2,'','3.00',1,1,'5000.00',1,'2017-02-21'),
 (5,54,2,'10000.00','2017-02-21','2017-02-22','0.00',21,6,'','10.00',1,1,'10000.00',1,'2017-02-21'),
 (6,55,1,'80000.00','2017-02-22','2017-02-23','0.00',25,6,'','14.00',1,1,'80000.00',1,'2017-02-22'),
 (7,54,1,'50000.00','2017-02-22','2017-02-23','0.00',25,6,'','14.00',1,1,'50000.00',1,'2017-02-22'),
 (8,54,4,'250000.00','2017-02-22','2017-02-23','0.00',25,1,'','15.00',1,1,'250000.00',1,'2017-02-22');
/*!40000 ALTER TABLE `loan` ENABLE KEYS */;


--
-- Definition of table `loanpayment`
--

DROP TABLE IF EXISTS `loanpayment`;
CREATE TABLE `loanpayment` (
  `id` int(11) NOT NULL AUTO_INCREMENT,
  `loan_id` int(11) NOT NULL,
  `voucher_no` varchar(10) DEFAULT NULL,
  `insno` int(11) DEFAULT NULL,
  `dopayment` date DEFAULT NULL,
  `installment` decimal(14,2) DEFAULT NULL,
  `interest` decimal(14,2) DEFAULT NULL,
  `totalAmount` decimal(14,2) DEFAULT NULL,
  `date` date DEFAULT NULL,
  `paidAmount` decimal(14,2) DEFAULT NULL,
  PRIMARY KEY (`id`),
  KEY `fk_loanpayment_loan1_idx` (`loan_id`),
  CONSTRAINT `fk_loanpayment_loan1` FOREIGN KEY (`loan_id`) REFERENCES `loan` (`id`) ON DELETE NO ACTION ON UPDATE NO ACTION
) ENGINE=InnoDB AUTO_INCREMENT=32 DEFAULT CHARSET=latin1;

--
-- Dumping data for table `loanpayment`
--

/*!40000 ALTER TABLE `loanpayment` DISABLE KEYS */;
INSERT INTO `loanpayment` (`id`,`loan_id`,`voucher_no`,`insno`,`dopayment`,`installment`,`interest`,`totalAmount`,`date`,`paidAmount`) VALUES 
 (27,4,'13565',NULL,NULL,'500.00','100.00',NULL,'2017-02-22',NULL),
 (28,7,'56456',NULL,NULL,'5000.00','250.00',NULL,'2017-02-22',NULL),
 (29,4,'5646',NULL,NULL,'1000.00','100.00',NULL,'2017-02-22',NULL),
 (30,7,'5646',NULL,NULL,'5000.00','100.00',NULL,'2017-02-22',NULL),
 (31,8,'5646',NULL,NULL,'2500.00','500.00',NULL,'2017-02-22',NULL);
/*!40000 ALTER TABLE `loanpayment` ENABLE KEYS */;


--
-- Definition of table `loanstatus`
--

DROP TABLE IF EXISTS `loanstatus`;
CREATE TABLE `loanstatus` (
  `id` int(11) NOT NULL AUTO_INCREMENT,
  `name` varchar(45) DEFAULT NULL,
  PRIMARY KEY (`id`)
) ENGINE=InnoDB AUTO_INCREMENT=4 DEFAULT CHARSET=utf8;

--
-- Dumping data for table `loanstatus`
--

/*!40000 ALTER TABLE `loanstatus` DISABLE KEYS */;
INSERT INTO `loanstatus` (`id`,`name`) VALUES 
 (1,'අනුමත වූ'),
 (2,'අනුමැතිය සදහා තිබෙන'),
 (3,'අනුමත නොවූ');
/*!40000 ALTER TABLE `loanstatus` ENABLE KEYS */;


--
-- Definition of table `loantype`
--

DROP TABLE IF EXISTS `loantype`;
CREATE TABLE `loantype` (
  `id` int(11) NOT NULL AUTO_INCREMENT,
  `name` varchar(45) DEFAULT NULL,
  `interest` decimal(4,2) DEFAULT NULL,
  `minduration` int(11) DEFAULT NULL,
  `maxduration` int(11) DEFAULT NULL,
  `minamount` decimal(8,2) DEFAULT NULL,
  `maxamount` decimal(8,2) DEFAULT NULL,
  `loantypestatus_id` int(11) NOT NULL,
  PRIMARY KEY (`id`),
  KEY `fk_loantype_loantypestatus1_idx` (`loantypestatus_id`),
  CONSTRAINT `fk_loantype_loantypestatus1` FOREIGN KEY (`loantypestatus_id`) REFERENCES `loantypestatus` (`id`) ON DELETE NO ACTION ON UPDATE NO ACTION
) ENGINE=InnoDB AUTO_INCREMENT=5 DEFAULT CHARSET=utf8;

--
-- Dumping data for table `loantype`
--

/*!40000 ALTER TABLE `loantype` DISABLE KEYS */;
INSERT INTO `loantype` (`id`,`name`,`interest`,`minduration`,`maxduration`,`minamount`,`maxamount`,`loantypestatus_id`) VALUES 
 (1,'සාමාන්‍ය ණය','14.00',1,60,'10000.00','120000.00',1),
 (2,'උත්සව ණය','10.00',1,10,'1000.00','10000.00',1),
 (3,'ක්ෂණික ණය','3.00',1,2,'1.00','20000.00',1),
 (4,'ඉඩම් ඇප මත ණය','15.00',1,60,'200000.00','500000.00',1);
/*!40000 ALTER TABLE `loantype` ENABLE KEYS */;


--
-- Definition of table `loantypestatus`
--

DROP TABLE IF EXISTS `loantypestatus`;
CREATE TABLE `loantypestatus` (
  `id` int(11) NOT NULL AUTO_INCREMENT,
  `name` varchar(45) DEFAULT NULL,
  PRIMARY KEY (`id`)
) ENGINE=InnoDB AUTO_INCREMENT=3 DEFAULT CHARSET=utf8;

--
-- Dumping data for table `loantypestatus`
--

/*!40000 ALTER TABLE `loantypestatus` DISABLE KEYS */;
INSERT INTO `loantypestatus` (`id`,`name`) VALUES 
 (1,'Available'),
 (2,'Not Available');
/*!40000 ALTER TABLE `loantypestatus` ENABLE KEYS */;


--
-- Definition of table `meeting`
--

DROP TABLE IF EXISTS `meeting`;
CREATE TABLE `meeting` (
  `id` int(11) NOT NULL AUTO_INCREMENT,
  `meetingtype_id` int(11) NOT NULL,
  `domeeting` date DEFAULT NULL,
  `starttime` datetime DEFAULT NULL,
  `endtime` datetime DEFAULT NULL,
  `purpose` text,
  `expectedcount` int(11) DEFAULT NULL,
  `count` int(11) DEFAULT '0',
  `meetingstatus_id` int(11) NOT NULL,
  `date` date DEFAULT NULL,
  `employee_id` int(11) NOT NULL,
  PRIMARY KEY (`id`),
  KEY `fk_meeting_meetingstatus1_idx` (`meetingstatus_id`),
  KEY `fk_meeting_employee1_idx` (`employee_id`),
  KEY `fk_meeting_meetingtype1_idx` (`meetingtype_id`),
  CONSTRAINT `fk_meeting_employee1` FOREIGN KEY (`employee_id`) REFERENCES `employee` (`id`) ON DELETE NO ACTION ON UPDATE NO ACTION,
  CONSTRAINT `fk_meeting_meetingstatus1` FOREIGN KEY (`meetingstatus_id`) REFERENCES `meetingstatus` (`id`) ON DELETE NO ACTION ON UPDATE NO ACTION,
  CONSTRAINT `fk_meeting_meetingtype1` FOREIGN KEY (`meetingtype_id`) REFERENCES `meetingtype` (`id`) ON DELETE NO ACTION ON UPDATE NO ACTION
) ENGINE=InnoDB DEFAULT CHARSET=utf8;

--
-- Dumping data for table `meeting`
--

/*!40000 ALTER TABLE `meeting` DISABLE KEYS */;
/*!40000 ALTER TABLE `meeting` ENABLE KEYS */;


--
-- Definition of table `meetingstatus`
--

DROP TABLE IF EXISTS `meetingstatus`;
CREATE TABLE `meetingstatus` (
  `id` int(11) NOT NULL AUTO_INCREMENT,
  `name` varchar(45) DEFAULT NULL,
  PRIMARY KEY (`id`)
) ENGINE=InnoDB AUTO_INCREMENT=4 DEFAULT CHARSET=utf8;

--
-- Dumping data for table `meetingstatus`
--

/*!40000 ALTER TABLE `meetingstatus` DISABLE KEYS */;
INSERT INTO `meetingstatus` (`id`,`name`) VALUES 
 (1,'පැවැත් වූ'),
 (2,'අවලංගු කළ'),
 (3,'පැවැත්වීමට නියමිත');
/*!40000 ALTER TABLE `meetingstatus` ENABLE KEYS */;


--
-- Definition of table `meetingtype`
--

DROP TABLE IF EXISTS `meetingtype`;
CREATE TABLE `meetingtype` (
  `id` int(11) NOT NULL AUTO_INCREMENT,
  `name` varchar(45) DEFAULT NULL,
  PRIMARY KEY (`id`)
) ENGINE=InnoDB AUTO_INCREMENT=3 DEFAULT CHARSET=utf8;

--
-- Dumping data for table `meetingtype`
--

/*!40000 ALTER TABLE `meetingtype` DISABLE KEYS */;
INSERT INTO `meetingtype` (`id`,`name`) VALUES 
 (1,'සාමාන්‍යය'),
 (2,'විශේෂ');
/*!40000 ALTER TABLE `meetingtype` ENABLE KEYS */;


--
-- Definition of table `memberstatus`
--

DROP TABLE IF EXISTS `memberstatus`;
CREATE TABLE `memberstatus` (
  `id` int(11) NOT NULL AUTO_INCREMENT,
  `name` varchar(45) DEFAULT NULL,
  PRIMARY KEY (`id`)
) ENGINE=InnoDB AUTO_INCREMENT=3 DEFAULT CHARSET=utf8;

--
-- Dumping data for table `memberstatus`
--

/*!40000 ALTER TABLE `memberstatus` DISABLE KEYS */;
INSERT INTO `memberstatus` (`id`,`name`) VALUES 
 (1,'ක්‍රියාකාරී'),
 (2,'ක්‍රියාකාරී නැත');
/*!40000 ALTER TABLE `memberstatus` ENABLE KEYS */;


--
-- Definition of table `module`
--

DROP TABLE IF EXISTS `module`;
CREATE TABLE `module` (
  `id` int(11) NOT NULL AUTO_INCREMENT,
  `name` varchar(45) DEFAULT NULL,
  PRIMARY KEY (`id`)
) ENGINE=InnoDB AUTO_INCREMENT=20 DEFAULT CHARSET=utf8;

--
-- Dumping data for table `module`
--

/*!40000 ALTER TABLE `module` DISABLE KEYS */;
INSERT INTO `module` (`id`,`name`) VALUES 
 (1,'Employee'),
 (2,'User'),
 (3,'Privilage'),
 (4,'Designation'),
 (5,'Account'),
 (6,'Loan'),
 (7,'Member'),
 (8,'Share'),
 (9,'Meeting'),
 (10,'Property'),
 (11,'Relation'),
 (12,'Accounttype'),
 (13,'Loantype'),
 (14,'Attendance'),
 (15,'AccountPayment'),
 (16,'LoanApproval'),
 (17,'Reports'),
 (18,'Commonaccount'),
 (19,'Commonaccounttransaction');
/*!40000 ALTER TABLE `module` ENABLE KEYS */;


--
-- Definition of table `privilage`
--

DROP TABLE IF EXISTS `privilage`;
CREATE TABLE `privilage` (
  `id` int(11) NOT NULL AUTO_INCREMENT,
  `role_id` int(11) NOT NULL,
  `module_id` int(11) NOT NULL,
  `ins` int(11) DEFAULT NULL,
  `sel` int(11) DEFAULT NULL,
  `upd` int(11) DEFAULT NULL,
  `del` int(11) DEFAULT NULL,
  PRIMARY KEY (`id`),
  KEY `fk_role_has_module_module1_idx` (`module_id`),
  KEY `fk_role_has_module_role1_idx` (`role_id`),
  CONSTRAINT `fk_role_has_module_module1` FOREIGN KEY (`module_id`) REFERENCES `module` (`id`) ON DELETE NO ACTION ON UPDATE NO ACTION,
  CONSTRAINT `fk_role_has_module_role1` FOREIGN KEY (`role_id`) REFERENCES `role` (`id`) ON DELETE NO ACTION ON UPDATE NO ACTION
) ENGINE=InnoDB AUTO_INCREMENT=42 DEFAULT CHARSET=utf8;

--
-- Dumping data for table `privilage`
--

/*!40000 ALTER TABLE `privilage` DISABLE KEYS */;
INSERT INTO `privilage` (`id`,`role_id`,`module_id`,`ins`,`sel`,`upd`,`del`) VALUES 
 (6,1,2,1,1,1,1),
 (7,1,1,1,1,1,1),
 (8,1,3,1,1,1,1),
 (9,1,4,1,1,1,1),
 (10,1,5,1,1,1,1),
 (11,1,6,1,1,1,1),
 (12,1,7,1,1,1,1),
 (13,1,8,1,1,1,1),
 (14,1,9,1,1,1,1),
 (15,1,10,1,1,1,1),
 (16,1,11,1,1,1,1),
 (17,1,12,1,1,1,1),
 (18,1,13,1,1,1,1),
 (19,1,14,1,1,1,1),
 (20,1,15,1,1,1,1),
 (21,1,16,1,1,1,1),
 (22,1,17,1,1,1,1),
 (23,2,7,1,1,1,1),
 (24,2,5,1,1,1,1),
 (25,2,6,1,1,1,1),
 (26,2,8,1,1,1,1),
 (27,2,9,1,1,1,1),
 (28,2,10,1,1,1,1),
 (29,2,11,1,1,1,1),
 (30,2,14,1,1,1,1),
 (31,2,15,1,1,1,1),
 (32,2,17,1,1,1,1),
 (33,2,16,1,1,1,1),
 (34,3,5,1,1,0,0),
 (35,3,6,1,1,0,0),
 (36,3,7,1,1,1,0),
 (37,3,9,1,1,0,0),
 (38,3,11,1,1,1,0),
 (39,3,14,1,1,0,0),
 (40,3,15,1,1,0,0),
 (41,4,17,1,1,1,1);
/*!40000 ALTER TABLE `privilage` ENABLE KEYS */;


--
-- Definition of table `property`
--

DROP TABLE IF EXISTS `property`;
CREATE TABLE `property` (
  `id` int(11) NOT NULL AUTO_INCREMENT,
  `propertygain_id` int(11) NOT NULL,
  `propertytype_id` int(11) NOT NULL,
  `name` varchar(100) DEFAULT NULL,
  `value` decimal(15,2) DEFAULT NULL,
  `remarks` text,
  PRIMARY KEY (`id`),
  KEY `fk_property_propertygain1_idx` (`propertygain_id`),
  KEY `fk_property_propertytype1_idx` (`propertytype_id`),
  CONSTRAINT `fk_property_propertygain1` FOREIGN KEY (`propertygain_id`) REFERENCES `propertygain` (`id`) ON DELETE NO ACTION ON UPDATE NO ACTION,
  CONSTRAINT `fk_property_propertytype1` FOREIGN KEY (`propertytype_id`) REFERENCES `propertytype` (`id`) ON DELETE NO ACTION ON UPDATE NO ACTION
) ENGINE=InnoDB DEFAULT CHARSET=utf8;

--
-- Dumping data for table `property`
--

/*!40000 ALTER TABLE `property` DISABLE KEYS */;
/*!40000 ALTER TABLE `property` ENABLE KEYS */;


--
-- Definition of table `propertygain`
--

DROP TABLE IF EXISTS `propertygain`;
CREATE TABLE `propertygain` (
  `id` int(11) NOT NULL AUTO_INCREMENT,
  `smember_id` int(11) NOT NULL,
  `movablepropertytotal` decimal(15,2) DEFAULT NULL,
  `immovablepropertytotal` decimal(15,2) DEFAULT NULL,
  `total` decimal(15,2) DEFAULT NULL,
  `date` date DEFAULT NULL,
  `employee_id` int(11) NOT NULL,
  PRIMARY KEY (`id`),
  KEY `fk_property_employee1_idx` (`employee_id`),
  KEY `fk_property_smember1_idx` (`smember_id`),
  CONSTRAINT `fk_property_employee1` FOREIGN KEY (`employee_id`) REFERENCES `employee` (`id`) ON DELETE NO ACTION ON UPDATE NO ACTION,
  CONSTRAINT `fk_property_smember1` FOREIGN KEY (`smember_id`) REFERENCES `smember` (`id`) ON DELETE NO ACTION ON UPDATE NO ACTION
) ENGINE=InnoDB DEFAULT CHARSET=utf8;

--
-- Dumping data for table `propertygain`
--

/*!40000 ALTER TABLE `propertygain` DISABLE KEYS */;
/*!40000 ALTER TABLE `propertygain` ENABLE KEYS */;


--
-- Definition of table `propertytype`
--

DROP TABLE IF EXISTS `propertytype`;
CREATE TABLE `propertytype` (
  `id` int(11) NOT NULL AUTO_INCREMENT,
  `name` varchar(50) DEFAULT NULL,
  PRIMARY KEY (`id`)
) ENGINE=InnoDB AUTO_INCREMENT=3 DEFAULT CHARSET=utf8;

--
-- Dumping data for table `propertytype`
--

/*!40000 ALTER TABLE `propertytype` DISABLE KEYS */;
INSERT INTO `propertytype` (`id`,`name`) VALUES 
 (1,'චංචල දේපළ'),
 (2,'නිශ්චල දේපළ');
/*!40000 ALTER TABLE `propertytype` ENABLE KEYS */;


--
-- Definition of table `relations`
--

DROP TABLE IF EXISTS `relations`;
CREATE TABLE `relations` (
  `id` int(11) NOT NULL AUTO_INCREMENT,
  `smember_id` int(11) NOT NULL,
  `name` varchar(150) DEFAULT NULL,
  `gender_id` int(11) NOT NULL,
  `relationship` varchar(100) DEFAULT NULL,
  `nic` char(10) DEFAULT NULL,
  `tel` char(10) DEFAULT NULL,
  `address` text,
  `date` date DEFAULT NULL,
  `employee_id` int(11) NOT NULL,
  PRIMARY KEY (`id`),
  KEY `fk_relations_employee1_idx` (`employee_id`),
  KEY `fk_relations_gender1_idx` (`gender_id`),
  KEY `fk_relations_smember1_idx` (`smember_id`),
  CONSTRAINT `fk_relations_employee1` FOREIGN KEY (`employee_id`) REFERENCES `employee` (`id`) ON DELETE NO ACTION ON UPDATE NO ACTION,
  CONSTRAINT `fk_relations_gender1` FOREIGN KEY (`gender_id`) REFERENCES `gender` (`id`) ON DELETE NO ACTION ON UPDATE NO ACTION,
  CONSTRAINT `fk_relations_smember1` FOREIGN KEY (`smember_id`) REFERENCES `smember` (`id`) ON DELETE NO ACTION ON UPDATE NO ACTION
) ENGINE=InnoDB DEFAULT CHARSET=utf8;

--
-- Dumping data for table `relations`
--

/*!40000 ALTER TABLE `relations` DISABLE KEYS */;
/*!40000 ALTER TABLE `relations` ENABLE KEYS */;


--
-- Definition of table `role`
--

DROP TABLE IF EXISTS `role`;
CREATE TABLE `role` (
  `id` int(11) NOT NULL AUTO_INCREMENT,
  `name` varchar(45) DEFAULT NULL,
  PRIMARY KEY (`id`)
) ENGINE=InnoDB AUTO_INCREMENT=5 DEFAULT CHARSET=utf8;

--
-- Dumping data for table `role`
--

/*!40000 ALTER TABLE `role` DISABLE KEYS */;
INSERT INTO `role` (`id`,`name`) VALUES 
 (1,'කළමණාකරු'),
 (2,'උප-කළමණාකරු'),
 (3,'මුදල් අයකැමි'),
 (4,'විගණන පරීක්ෂක');
/*!40000 ALTER TABLE `role` ENABLE KEYS */;


--
-- Definition of table `share`
--

DROP TABLE IF EXISTS `share`;
CREATE TABLE `share` (
  `id` int(11) NOT NULL AUTO_INCREMENT,
  `sharegain_id` int(11) NOT NULL,
  `sharetype_id` int(11) NOT NULL,
  `count` int(11) DEFAULT NULL,
  `linetotal` decimal(8,2) DEFAULT NULL,
  PRIMARY KEY (`id`),
  KEY `fk_sharegain_has_sharetype_sharetype1_idx` (`sharetype_id`),
  KEY `fk_sharegain_has_sharetype_sharegain1_idx` (`sharegain_id`),
  CONSTRAINT `fk_sharegain_has_sharetype_sharegain1` FOREIGN KEY (`sharegain_id`) REFERENCES `sharegain` (`id`) ON DELETE NO ACTION ON UPDATE NO ACTION,
  CONSTRAINT `fk_sharegain_has_sharetype_sharetype1` FOREIGN KEY (`sharetype_id`) REFERENCES `sharetype` (`id`) ON DELETE NO ACTION ON UPDATE NO ACTION
) ENGINE=InnoDB AUTO_INCREMENT=12 DEFAULT CHARSET=utf8;

--
-- Dumping data for table `share`
--

/*!40000 ALTER TABLE `share` DISABLE KEYS */;
INSERT INTO `share` (`id`,`sharegain_id`,`sharetype_id`,`count`,`linetotal`) VALUES 
 (3,16,1,50,'5000.00'),
 (4,17,1,6,'600.00'),
 (5,18,1,50,'5000.00'),
 (6,19,1,30,'3000.00'),
 (7,20,1,5,'500.00'),
 (8,21,1,5,'500.00'),
 (9,22,1,5,'500.00'),
 (10,23,1,6,'600.00'),
 (11,24,1,5,'500.00');
/*!40000 ALTER TABLE `share` ENABLE KEYS */;


--
-- Definition of table `sharegain`
--

DROP TABLE IF EXISTS `sharegain`;
CREATE TABLE `sharegain` (
  `id` int(11) NOT NULL AUTO_INCREMENT,
  `voucher_no` varchar(15) DEFAULT NULL,
  `smember_id` int(11) NOT NULL,
  `date` date DEFAULT NULL,
  `totalcount` int(11) DEFAULT NULL,
  `totalvalue` decimal(8,2) DEFAULT NULL,
  `employee_id` int(11) NOT NULL,
  PRIMARY KEY (`id`),
  KEY `fk_sharegain_smember1_idx` (`smember_id`),
  KEY `fk_sharegain_employee1_idx` (`employee_id`),
  CONSTRAINT `fk_sharegain_employee1` FOREIGN KEY (`employee_id`) REFERENCES `employee` (`id`) ON DELETE NO ACTION ON UPDATE NO ACTION,
  CONSTRAINT `fk_sharegain_smember1` FOREIGN KEY (`smember_id`) REFERENCES `smember` (`id`) ON DELETE NO ACTION ON UPDATE NO ACTION
) ENGINE=InnoDB AUTO_INCREMENT=25 DEFAULT CHARSET=utf8;

--
-- Dumping data for table `sharegain`
--

/*!40000 ALTER TABLE `sharegain` DISABLE KEYS */;
INSERT INTO `sharegain` (`id`,`voucher_no`,`smember_id`,`date`,`totalcount`,`totalvalue`,`employee_id`) VALUES 
 (16,'646546',54,'2017-02-21',50,'5000.00',1),
 (17,'98565',54,'2017-02-21',6,'600.00',1),
 (18,'98565',4,'2017-02-21',50,'5000.00',1),
 (19,'077024',3,'2017-02-21',30,'3000.00',1),
 (20,'6598',54,'2017-02-21',5,'500.00',1),
 (21,'985652',54,'2017-02-21',5,'500.00',1),
 (22,'985952',54,'2017-02-22',5,'500.00',1),
 (23,'985952',55,'2017-02-23',6,'600.00',1),
 (24,'789654',54,'2017-02-22',5,'500.00',1);
/*!40000 ALTER TABLE `sharegain` ENABLE KEYS */;


--
-- Definition of table `sharetype`
--

DROP TABLE IF EXISTS `sharetype`;
CREATE TABLE `sharetype` (
  `id` int(11) NOT NULL AUTO_INCREMENT,
  `unitprice` decimal(8,2) DEFAULT NULL,
  PRIMARY KEY (`id`)
) ENGINE=InnoDB AUTO_INCREMENT=4 DEFAULT CHARSET=utf8;

--
-- Dumping data for table `sharetype`
--

/*!40000 ALTER TABLE `sharetype` DISABLE KEYS */;
INSERT INTO `sharetype` (`id`,`unitprice`) VALUES 
 (1,'100.00'),
 (2,'150.00'),
 (3,'200.00');
/*!40000 ALTER TABLE `sharetype` ENABLE KEYS */;


--
-- Definition of table `smember`
--

DROP TABLE IF EXISTS `smember`;
CREATE TABLE `smember` (
  `id` int(11) NOT NULL AUTO_INCREMENT,
  `memberid` varchar(5) NOT NULL,
  `name` varchar(100) DEFAULT NULL,
  `fullname` varchar(150) DEFAULT NULL,
  `gender_id` int(11) NOT NULL,
  `address` text,
  `dob` date DEFAULT NULL,
  `nic` char(10) DEFAULT NULL,
  `tel` char(10) DEFAULT NULL,
  `occupation` varchar(100) DEFAULT NULL,
  `education` varchar(100) DEFAULT NULL,
  `domembership` date DEFAULT NULL,
  `photo` blob,
  `memberstatus_id` int(11) NOT NULL,
  `date` date DEFAULT NULL,
  `employee_id` int(11) NOT NULL,
  PRIMARY KEY (`id`),
  KEY `fk_smember_gender1_idx` (`gender_id`),
  KEY `fk_smember_employee1_idx` (`employee_id`),
  KEY `fk_smember_memberstatus1_idx` (`memberstatus_id`),
  CONSTRAINT `fk_smember_employee1` FOREIGN KEY (`employee_id`) REFERENCES `employee` (`id`) ON DELETE NO ACTION ON UPDATE NO ACTION,
  CONSTRAINT `fk_smember_gender1` FOREIGN KEY (`gender_id`) REFERENCES `gender` (`id`) ON DELETE NO ACTION ON UPDATE NO ACTION,
  CONSTRAINT `fk_smember_memberstatus1` FOREIGN KEY (`memberstatus_id`) REFERENCES `memberstatus` (`id`) ON DELETE NO ACTION ON UPDATE NO ACTION
) ENGINE=InnoDB AUTO_INCREMENT=133 DEFAULT CHARSET=utf8;

--
-- Dumping data for table `smember`
--

/*!40000 ALTER TABLE `smember` DISABLE KEYS */;
INSERT INTO `smember` (`id`,`memberid`,`name`,`fullname`,`gender_id`,`address`,`dob`,`nic`,`tel`,`occupation`,`education`,`domembership`,`photo`,`memberstatus_id`,`date`,`employee_id`) VALUES 
 (1,'570','G.S.M පෙරේරා','ගල්කන්දගේ සදුන් මධුෂාන් පෙරේරා',1,'නො 76, මාබිම, මාකෙවිට','1993-12-06',NULL,NULL,'','','2016-12-18',NULL,1,NULL,1),
 (2,'117','ඩබ්ලිව්.ඒ. සෝමවීර','විතාන අප්පුහාමිලාගේ',1,'නො.77,\nමාදෙල්ගමුව\nගම්පහ','1932-01-01',NULL,NULL,'විශ්‍රාමික විදුහල්පති','උපාධිදාරී','1960-03-06',NULL,1,NULL,1),
 (3,'124','ජේ.කේ. පියසිරි ජයකොඩි','ජයකොඩි කංකානමලාගේ',1,'නො.48, කුමුදු ප්‍රියන්ත මාවත,\nමාදෙල්ගමුව,\nගම්පහ','1943-08-01',NULL,NULL,'ගොවිතැන්','','1963-08-01',NULL,1,NULL,1),
 (4,'125','පී.ජී. සෝමපාල','පෙරමුණු ගමගේ',1,'නො.138/2,\nමාදෙල්ගමුව,\nගම්පහ','1935-01-01',NULL,NULL,'','','1963-11-08',NULL,1,NULL,1),
 (5,'157','ඩබ්ලිව්.එම්. චන්ද්‍රදාස','වර්ණසූරිය මුදියන්සේලාගේ',1,'මාදෙල්ගමුව,\nගම්පහ','1936-01-01',NULL,NULL,'','','1972-02-06',NULL,1,NULL,1),
 (6,'161','ඩබ්ලිව්.එම්. ඉන්ද්‍රපාල','වීරබාහු මුදියන්සේලාගේ',1,'මාදෙල්ගමුව,\nගම්පහ.','1942-01-01',NULL,NULL,'රියදුරු','','1974-09-08',NULL,1,NULL,1),
 (7,'163','කේ.ඒ. නන්දසේන කළුආරච්චි','කළු ආරච්චිගේ',1,'නො.138/3,\nමාදෙල්ගමුව,\nගම්පහ','1950-01-01',NULL,'0332220628','රියදුරු','','1975-02-01',NULL,1,NULL,1),
 (8,'172','කේ.ඒ. රත්නසීලී','කහදව අප්පුහාමිලාගේ',2,'නො.81/2,\nමාදෙල්ගමුව.\nගම්පහ','1950-01-01',NULL,'0711780875','','','1981-10-20',NULL,1,NULL,1),
 (9,'177','ඊ.ඒ. සිරියාවතී','එදිරිසිංහ ආරච්චිගේ',2,'නො.270/4, බටපොත,\nමාදෙල්ගමුව,\nගම්පහ','1954-01-01',NULL,NULL,'','','1984-05-06',NULL,1,NULL,1),
 (10,'182','ඩබ්ලිව්.කේ. ගුණවතී','වල්පොල කංකානමලාගේ',2,'නො.181,\nමාදෙල්ගමුව,\nගම්පහ.','1949-01-01',NULL,NULL,'','','1986-10-05',NULL,1,NULL,1),
 (11,'183','ඩබ්ලිව්.ඩී. නාලනී ශ්‍රියාලතා','වලිමුණි දේවගේ',2,'මාදෙල්ගමුව,\nගමපහ','1948-01-01',NULL,NULL,'','','1986-11-27',NULL,1,NULL,1),
 (12,'186','වයි.පී. සෝමාවතී','යාපා පතිරත්නලාගේ',2,'නො.155,\nමාදෙල්ගමුව,\nගම්පහ.','1942-01-01',NULL,NULL,'','','1987-02-01',NULL,1,NULL,1),
 (13,'187','බී. කුමාරසිංහ','බුරුමාවතී',2,'නො.103/1,\nමාදෙල්ගමුව,\nගම්පහ','1952-01-01',NULL,NULL,'','','1987-11-02',NULL,1,NULL,1),
 (14,'190','එන්.ඒ. ඇග්නස් ගුණවතී','නිලවක ආරච්චිගේ',2,'නො.58,\nමාදෙල්ගමුව,\nගම්පහ.','1943-01-01',NULL,NULL,'','','2016-12-20',NULL,1,NULL,1),
 (15,'192','ඒ.ඒ.කේ.එස්.කේ. ගුණවර්ධන','ආරච්චි අප්පුහාමිලාගේ',1,'නො.129,\nමාදෙල්ගමුව,\nගම්පහ','1965-01-01',NULL,NULL,'','','1990-07-01',NULL,1,NULL,1),
 (16,'193','ජේ.කේ. සීතා පද්මිණි','ජයකොඩි කංකානමලාගේ',2,'මාදෙල්ගමුව,\nගම්පහ','1963-01-01',NULL,NULL,'','','1990-11-04',NULL,1,NULL,1),
 (17,'194','ඒ.පී. නන්දා කහඳව','අගම් පොඩි',2,'නො.81,\nමාදෙල්ගමුව,\nගම්පහ','1958-01-01',NULL,NULL,'විශ්‍රාමික හෙඳ','','1991-02-01',NULL,1,NULL,1),
 (18,'195','ජේ.ඒ. කමලාවතී ජයකොඩි','ජයකොඩි ආරච්චිලාගේ',2,'නො.138,\nමාදෙල්ගමුව,\nගම්පහ','1942-01-01',NULL,NULL,'','','1991-03-02',NULL,1,NULL,1),
 (19,'196','එච්.එම්. ඩිංගිරි මැණිකේ','හේරත් මුදියන්සේලාගේ',2,'නො.175/2,\nමාදෙල්ගමුව,\nගම්පහ','1938-01-01',NULL,NULL,'','','1991-04-07',NULL,1,NULL,1),
 (20,'197','බී.ඒ. චාලට් ගුණසිංහ','බුලත්සිංහල අප්පුහාමිලාගේ',2,'නො.65/2,\nමාදෙල්ගමුව,\nගම්පහ','1945-01-01',NULL,NULL,'','','1991-07-07',NULL,1,NULL,1),
 (21,'198','ඒ.ඒ. මාලනී සුදසිංහ','අධිකාරී අතුකෝරලලාගේ',2,'මාදෙල්ගමුව,\nගම්පහ','1955-01-01',NULL,NULL,'','','1991-07-07',NULL,1,NULL,1),
 (22,'199','පී.ජී. සැලී සීතා පෙරමුණුගම','පෙරමුණු ගමගේ',2,'නො.138/3,\nමාදෙල්ගමුව,\nගම්පහ','1950-03-08',NULL,NULL,'','','1991-12-01',NULL,1,NULL,1),
 (23,'201','ඒ.ඒ. පුංචිනෝනා','අධිකාරී අප්පුහාමිලාගේ',2,'නො.103,\nමාදෙල්ගමුව,\nගම්පහ','1950-01-01',NULL,NULL,'','','1991-12-29',NULL,1,NULL,1),
 (24,'204','බි. ගුණරත්න','බටේපොලගේ',1,'නො.137/1,\nමාදෙල්ගමුව\nගම්පහ','1954-01-01',NULL,NULL,'','','1993-04-29',NULL,1,NULL,1),
 (25,'208','ජේ.ඒ. උපාලි වීරමන් ජයකොඩි','ජයකොඩි ආරච්චිගේ',1,'නො.34,\nමාදෙල්ගමුව,\nගම්පහ','1961-01-01',NULL,NULL,'','','1993-05-06',NULL,1,NULL,1),
 (26,'210','ජේ.ඒ. ටෙනිසන් රණසිංහ','ජයකොඩි ආරච්චිගේ',1,'නො.61/1,\nමාදෙල්ගමුව,\nගම්පහ','1968-01-01',NULL,NULL,'','','1993-07-04',NULL,1,NULL,1),
 (27,'219','එච්.පී. නන්දාවතී','හේවාවසම් පුවක්පිටියගේ',2,'නො.102\nමාදෙල්ගමුව\nගම්පහ','1947-01-01',NULL,NULL,'','','1994-01-29',NULL,1,NULL,1),
 (28,'220','ඩබ්ලිව්.ඒ.ජයරත්න','විතාන  අප්පුහාමිලාගේ',1,'මාදෙල්ගමුව\nගම්පහ','1965-01-01',NULL,'0715378380','','','1994-03-01',NULL,1,NULL,1),
 (29,'223','එම්.කේ.   නාලනි   රම්‍යකාන්ති','මාංකෝට්ට  කංකානමලාගේ',2,'නො.184/2\nමාදෙල්ගමුව\nගමිපහ','1955-01-01',NULL,NULL,'','','1994-07-03',NULL,1,NULL,1),
 (30,'224','වයි.ඒ. හේමමාලී යාපා','යාපා අප්පුහාමිලාගේ',2,'නො.137/4,\nමාදෙල්ගමුව,\nගම්පහ','1967-01-01',NULL,NULL,'','','1994-08-06',NULL,1,NULL,1),
 (31,'226','ජී.කේ. කුලවතී','ගල්ගමු කංකානමලාගේ',2,'නො.182/2, බෝගහ කොටුව,\nමාදෙල්ගමුව,\nගම්පහ.','1958-07-11',NULL,NULL,'','','1994-10-02',NULL,1,NULL,1),
 (32,'227','කේ.වී. පියවතී','කෝඩල විතානගේ',2,'මාදෙල්ගමුව,\nගම්පහ','1948-01-01',NULL,NULL,'','','1995-02-01',NULL,1,NULL,1),
 (33,'229','එස්.පී. මිලී සුදසිංහ','සුදසිංහ පතිරත්නැහැලාගේ',2,'මාදෙල්ගමුව,\nගම්පහ','1943-01-01',NULL,NULL,'','','1995-06-04',NULL,1,NULL,1),
 (34,'230','ජේ.කේ. චන්ද්‍රසිරි','ජයකොඩි කංකානමලාගේ',1,'නො.45/1,\nමාදෙල්ගමුව,\nගම්පහ','1959-01-01',NULL,NULL,'','','1995-06-06',NULL,1,NULL,1),
 (35,'231','ජේ.කේ. රංජිත් ප්‍රියන්ත ජයකොඩි','ජයකොඩි කංකානමලාගේ',1,'මාදෙල්ගමුව,\nගම්පහ','1971-01-01',NULL,NULL,'','','1995-06-25',NULL,1,NULL,1),
 (36,'233','ඒ.ඩී. සෝමාවතී','අමුවල දේවගේ',2,'නො.142/3,\nමාදෙල්ගමුව,\nගම්පහ','1953-01-01',NULL,NULL,'','','1995-07-16',NULL,1,NULL,1),
 (37,'234','ඒ.එල්. පුෂ්පා අයිරාංගනී','අමරසිංහ ලේකම්ලාගේ',2,'නො.138,\nමාදෙල්ගමුව,\nගම්පහ.','1959-01-01',NULL,NULL,'','','1995-08-06',NULL,1,NULL,1),
 (38,'235','ඒ.ඩබ්ලිව්.ඒ. මල්ලිකා අබේසේකර','අබයසේකර වන්තකු ආරච්චිගේ',2,'නො.164/1,\nමාදෙල්ගමුව,\nගම්පහ','1951-01-01',NULL,NULL,'','','1995-08-06',NULL,1,NULL,1),
 (39,'236','ඒ.ඩබ්ලිව්.ඒ. නිමල් අබයසේකර','අබයසේකර වන්තකු ආරච්චිගේ',2,'මාදෙල්ගමුව,\nගම්පහ','1967-03-27',NULL,NULL,'','','1995-08-08',NULL,1,NULL,1),
 (40,'237','ඩබ්.වී.එල්. සුජාතා සරෝජනී වනිගසිංහ','වනිගසිංහ වීබද්දේ ලේකම්ලාගේ',2,'නො.38/1,\nමාදෙල්ගමුව,\nගම්පහ','1961-08-07',NULL,NULL,'','','1995-08-22',NULL,1,NULL,1),
 (41,'239','ජේ.එම්. කරුණාරත්න','ජයකොඩි මුදියන්සේලාගේ',1,'නො.148/7, සුහඳ මාවත,\nමාදෙල්ගමුව,\nගම්පහ.','1949-01-01',NULL,NULL,'','','1995-09-24',NULL,1,NULL,1),
 (42,'240','ජේ.කේ. වසන්ත ලක්ෂ්මන්','ජයකොඩි කංකානමලාගේ',1,'මාදෙල්ගමුව,\nගම්පහ','1970-06-01',NULL,NULL,'','','1995-10-01',NULL,1,NULL,1),
 (43,'243','වයි.එම්. දමයන්ති ප්‍රියංගනී','යාත්‍රා මුල්ලගේ',2,'නො.106,\nමාදෙල්ගමුව,\nගම්පහ','1971-12-25',NULL,NULL,'','','1995-10-01',NULL,1,NULL,1),
 (44,'250','ඩබ්ලිව්.කේ. කමලසිරි','වල්පොල කංකානමලාගේ',1,'නො.103,\nමාදෙල්ගමුව,\nගම්පහ','1972-05-15',NULL,NULL,'','','1996-04-01',NULL,1,NULL,1),
 (45,'256','ආර්.එම්. සුමනලතා','රත්නායක මුදියන්සේලාගේ',2,'නො.24/3,\nමාදෙල්ගමුව,\nගම්පහ.','1975-12-22',NULL,NULL,'','','1996-05-05',NULL,1,NULL,1),
 (46,'257','එස්.පී. ශ්‍යාමලී ගුණසේකර','සියඹලා පිටියගේ',2,'නො.33/1,\nමාදෙල්ගමුව,\nගම්පහ','1971-10-16',NULL,NULL,'','','1996-05-12',NULL,1,NULL,1),
 (47,'258','කේ.පී. සරත්චන්ද','කරුණානායක පතිරත්නැහැලාගේ',1,'නො.85/1,\nමාදෙල්ගමුව,\nගම්පහ','1952-10-13',NULL,NULL,'','','1996-05-16',NULL,1,NULL,1),
 (48,'259','එස්.ඩී. නීල් අයිවන් පත්මසිරි','සුදු දේවගේ',1,'නො. 143,\nමාදෙල්ගමුව,\nගම්පහ','1954-11-13',NULL,NULL,'','','1996-06-01',NULL,1,NULL,1),
 (49,'260','එන්.ඒ. ගයාන් සංජීව නිශ්ශංක','නිශ්ශංක ආරච්චිගේ',1,'නො.49,\nමාදෙල්ගමුව,\nගම්පහ','1977-06-28',NULL,NULL,'','','1996-06-23',NULL,1,NULL,1),
 (50,'266','කේ.ඩී. ජිනේන්ද්‍ර සිසිර කුමාර','කරින්දෙනි දේවගේ',1,'නො.159,\nමාදෙල්ගමුව,\nගම්පහ.','1974-04-14',NULL,NULL,'','','1996-09-01',NULL,1,NULL,1),
 (51,'269','ඒ.ඒ. පියවංශ','අදිකාරී අතුකෝරලලාගේ',1,'නො.92/1,\nමාදෙල්ගමුව,\nගම්පහ','1950-03-06',NULL,NULL,'','','1996-11-01',NULL,1,NULL,1),
 (52,'270','ඩබ්ලිව්.කේ. සෝමලතා','වල්පොල කංකානමලාගේ',2,'නො.175/5,\nමාදෙල්ගමුව,\nගම්පහ','1967-05-14',NULL,NULL,'','','1996-11-26',NULL,1,NULL,1),
 (53,'272','ආර්.පී. ධනවතී රාජපක්ෂ','රාජපක්ෂ පල්ලේගෙදර',2,'නො.8/2,\nමාදෙල්ගමුව,\nගම්පහ','1949-06-01',NULL,NULL,'','','1997-02-02',NULL,1,NULL,1),
 (54,'274','වයි.පී. සුමිත්','යාපා පතිරත්නැහැලාගේ',1,'නො.157/2,\nමාදෙල්ගමුව,\nගම්පහ.','1958-07-02',NULL,NULL,'','','1997-03-15',NULL,1,NULL,1),
 (55,'277','ඒ.ඒ. ඉන්ද්‍රා කුසුමලතා','ආරච්චි අප්පුහාමිලාගේ',2,'නො.5,\nමාදෙල්ගමුව,\nගම්පහ','1959-11-22',NULL,NULL,'','','1997-05-05',NULL,1,NULL,1),
 (56,'278','වයි.පී. ලලිතා පියවතී අතුකෝරල','යාපා පතිරත්නැහැලාගේ',2,'මාදෙල්ගමුව,\nගම්පහ','1947-12-01',NULL,NULL,'','','1997-06-01',NULL,1,NULL,1),
 (57,'279','බී.එම්. ජයන්තා','බටුවිට මුදියන්සේලාගේ',2,'මාදෙල්ගමුව,\nගම්පහ','1965-08-08',NULL,NULL,'','','1997-06-01',NULL,1,NULL,1),
 (58,'281','ඩබ්ලිව්.එස්. කළ්‍යාණි ප්‍රිය සුමිත්‍රා','විතානගේ ශ්‍රියාණි',2,'මාදෙල්ගමුව,\nගම්පහ','1972-08-14',NULL,NULL,'','','1997-08-03',NULL,1,NULL,1),
 (59,'282','ජේ.කේ. විමල් ජයන්ත','ජයකොඩි කංකානමලාගේ',1,'නො.52,\nමාදෙල්ගමුව,\nගම්පහ','1949-08-16',NULL,NULL,'','','1997-09-14',NULL,1,NULL,1),
 (60,'283','වයි.ඒ. සිරියාවතී','යාපා අප්පුහාමිලාගේ',2,'මාදෙල්ගමුව,\nගම්පහ','1968-06-27',NULL,NULL,'','','1997-10-20',NULL,1,NULL,1),
 (61,'284','එච්.පී. කළ්‍යාණවතී','හෙනරත් පතිරත්නැහැලාගේ',2,'නො.21/2,\nමාදෙල්ගමුව,\nගම්පහ','1959-10-06',NULL,NULL,'','','1997-10-27',NULL,1,NULL,1),
 (62,'285','පී.ජී. දේශප්‍රිය','පෙරමුණු ගමගේ',1,'නො.24,\nමාදෙල්ගමුව,\nගම්පහ','1973-11-06',NULL,NULL,'','','1973-11-09',NULL,1,NULL,1),
 (63,'286','ආර්.ඒ. සිරිකුලරත්න','රණසිංහ ආරච්චිගේ',1,'නො.147/6,\nමාදෙල්ගමුව,\nගම්පහ','1954-02-05',NULL,NULL,'','','1998-07-06',NULL,1,NULL,1),
 (64,'287','එම්. ජීවා සේපාලිකා','මිරිස්සගේ',2,'නො.182,\nමාදෙල්ගමුව,\nගම්පහ','1970-10-27',NULL,NULL,'','','1998-07-27',NULL,1,NULL,1),
 (65,'288','එස්.එම්. සුමනාවතී','සිටිසේකර මුදියන්සේලාගේ',2,'නො.143/1/1,\nමාදෙල්ගමුව,\nගම්පහ','1962-09-18',NULL,NULL,'','','1998-07-30',NULL,1,NULL,1),
 (66,'290','වයි.පී. චන්දන ලක්ෂ්මන් කුමාර','යාපා පතිරත්නැහැලාගේ',1,'නො.37,\nමාදෙල්ගමුව,\nගම්පහ','1972-12-16',NULL,NULL,'','','1998-09-15',NULL,1,NULL,1),
 (67,'291','කේ. රෝහණ පුෂ්පකුමාර','කුරණගේ',1,'නො.161,\nමාදෙල්ගමුව,\nගම්පහ','1970-11-16',NULL,NULL,'','','1998-09-16',NULL,1,NULL,1),
 (68,'293','එන්.ඒ. විජේසෝම නිශ්ශංක','නිශ්ශංක අප්පුහාමිලාගේ',1,'නො.160,\nමාදෙල්ගමුව,\nගම්පහ','1954-02-09',NULL,NULL,'','','1998-10-01',NULL,1,NULL,1),
 (69,'294','කේ.පී. අයිරංගනී කරුණානායක','කරුණානායක පතිරත්නැහැලාගේ',1,'නො.15/1,\nමාදෙල්ගමුව,\nගම්පහ','1962-02-16',NULL,NULL,'','','1998-10-11',NULL,1,NULL,1),
 (70,'296','එච්.එම්. ප්‍රේමවතී','ෙහ්රත් මුදියන්සේලාගේ',2,'මාදෙල්ගමුව,\nගම්පහ','1949-09-22',NULL,NULL,'','','1998-12-05',NULL,1,NULL,1),
 (71,'301','කේ.ඒ.ඩී. මල්ලිකා','කන්දේ ආරච්චිගේ දෝන',2,'මාදෙල්ගමුව.\nගම්පහ','1957-10-13',NULL,NULL,'','','1999-01-10',NULL,1,NULL,1),
 (72,'303','වයි.එම්. ලලිතා පද්මිණි','යාත්‍රා මුල්ලගේ',2,'නො.106,\nමාදෙල්ගමුව,\nගම්පහ','1963-03-18',NULL,NULL,'','','1999-04-28',NULL,1,NULL,1),
 (73,'304','කේ.පී. ශ්‍රියාණි ධම්මිකා කරුණානායක','කරුණානායක පතිරත්නැහැලාගේ',2,'නො.36/4,\nමාදෙල්ගමුව,\nගම්පහ.','1969-05-01',NULL,NULL,'','','1999-05-06',NULL,1,NULL,1),
 (74,'307','ඩී.ආර්. කුසුමා සෙනෙවිරත්න','දුක්ගන්නා රාලලාගේ',2,'නො.148/5,\nමාදෙල්ගමුව,\nගම්පහ','1963-07-10',NULL,NULL,'','','1999-08-02',NULL,1,NULL,1),
 (75,'308','ජේ.ඒ. චාන්දනී ජයකොඩි','ජයකොඩි ආරච්චිගේ',2,'මාදෙල්ගමුව,\nගම්පහ','1969-10-04',NULL,NULL,'','','1999-08-02',NULL,1,NULL,1),
 (76,'309','එච්.පී. වයලට්','හෙනරත් පතිරත්නැහැලාගේ',2,'නො.188/1,ගලහේන පාර,\nමාදෙල්ගමුව,\nගම්පහ.','1952-06-14',NULL,NULL,'','','1999-08-02',NULL,1,NULL,1),
 (77,'310','වයි.පී. උපේක්ෂා අවිරාජි විජේවර්ධන','යාපා පතිරත්නැහැලාගේ',2,'නො.65,\nමාදෙල්ගමුව,\nගම්පහ','1979-05-05',NULL,NULL,'','','1999-10-19',NULL,1,NULL,1),
 (78,'312','එස්.පී. මේරි බ්‍රිජට්','සියඹලා පිටියගේ',2,'නො.148/6,\nමාදෙල්ගමුව,\nගම්පහ','1963-12-14',NULL,NULL,'','','2000-02-14',NULL,1,NULL,1),
 (79,'314','ඩබ්ලිව්.එම්. ප්‍රියංකා ප්‍රනාන්දු','වර්ණකුලසූරිය මේරියන්',2,'නො.138,\nමාදෙල්ගමුව,\nගම්පහ','1969-03-16',NULL,NULL,'','','2000-04-01',NULL,1,NULL,1),
 (80,'317','කේ. කුමාරි දමයන්ති ද සිල්වා','කඩුපිටි',2,'නො.148/9,\nමාදෙල්ගමුව,\nගම්පහ','1973-11-26',NULL,NULL,'','','2000-04-19',NULL,1,NULL,1),
 (81,'320','එම්.ඒ.ඒ. චන්ද්‍රෙස්න','මදුරුගම ආරච්චි අප්පුලාගේ',1,'නො.96/3,\nමාදෙල්ගමුව,\nගම්පහ','1947-10-02',NULL,NULL,'','','2000-06-18',NULL,1,NULL,1),
 (82,'321','ඩී. විමලදාස','දිසානායකගේ',1,'නො.139/1,\nමාදෙල්ගමුව,\nගම්පහ','1940-03-19',NULL,NULL,'','','2000-07-08',NULL,1,NULL,1),
 (83,'323','ඊ.ඒ. දයානි එදිරිසිංහ','එදිරිසිංහ ආරච්චිගේ',2,'නො‍.58/5,\nමාදෙල්ගමුව,\nගම්පහ','1971-06-04',NULL,NULL,'','','2000-07-17',NULL,1,NULL,1),
 (84,'324','වයි.පී. සරණපාල','යාපා පතිරත්නැහැලාගේ',1,'නො.121,\nමාදෙල්ගමුව,\nගම්පහ','1935-08-19',NULL,NULL,'','','2000-07-20',NULL,1,NULL,1),
 (85,'325','ඒ.ඩබ්ලිව්.ඒ.කුසුමාවති   අබේසේකර','අබේසේකර   වන්නකු   ආරච්චිගේ',2,'නො.137  \nමාදෙල්ගමුව\nගම්පහ','1943-05-13',NULL,NULL,'','','2016-12-24',NULL,1,NULL,1),
 (86,'332','ජි.පද්මලතා   පෙරෙරා','ගල්කන්දගේ',2,'නො.147/5\nමාදෙල්ගමුව\nගම්පහ','1966-07-09',NULL,NULL,'','','2000-10-17',NULL,1,NULL,1),
 (87,'329','කේ.ඒ.චමින්ද දීපාල් කළුආරච්චි','කළු ආරච්චිගේ',1,'නො.148/16, සුහඳ මාවත,\nමාදෙල්ගමුව,\nගම්පහ','1973-09-18',NULL,NULL,'','','2000-09-30',NULL,1,NULL,1),
 (88,'334','එම්.ඒ. චන්ද්‍රෙස්න','මදුරප්පෙරුම',1,'නො.170/2/1,\nමාදෙල්ගමුව,\nගම්පහ','1951-02-06',NULL,NULL,'','','2000-10-24',NULL,1,NULL,1),
 (89,'335','කේ.ඒ. අමිල අනුරාධ කළුආරච්චි','කළු ආරච්චිගේ',1,'නො.138/3,\nමාදෙල්ගමුව,\nගම්පහ','1979-08-10',NULL,NULL,'','','2000-10-25',NULL,1,NULL,1),
 (90,'337','එච්.වී. යසරත්න','හෙට්ටි වන්නගේ',1,'නො.148/8,සුහඳ මාවත,\nමාදෙල්ගමුව,\nගම්පහ','1964-01-12',NULL,NULL,'','','2001-01-28',NULL,1,NULL,1),
 (91,'339','ආර්.ඩී.සී. ඉන්ද්‍රා දමයන්ති කරුණානායක','රන්පටි දේවගේ චාමනී',2,'නො.159/3,\nමාදෙල්ගමුව,\nගම්පහ','1961-02-08',NULL,NULL,'','','2001-03-01',NULL,1,NULL,1),
 (92,'343','එස්.ඩී. ඉන්දික මහේෂ් ගුණසේකර','සියඹලාපිටියගේ දොන්',1,'නො.43/1,\nමාදෙල්ගමුව,\nගම්පහ','1979-09-02',NULL,NULL,'','','2001-06-10',NULL,1,NULL,1),
 (93,'345','එන්.එම්. නන්දනී','නිකපොතු මොහොට්ටිලාගේ',2,'නො.166/3,\nමාදෙල්ගමුව,\nගම්පහ','1955-06-01',NULL,NULL,'','','2001-08-24',NULL,1,NULL,1),
 (94,'348','වී.ආර්. ස්වර්ණා කුමුදුනී හාල්පන්දෙනිය','වීබද්දේ රාලලාගේ',1,'නො.148/12,සුහඳ මාවත,\nමාදෙල්ගමුව,\nගම්පහ','1976-12-24',NULL,NULL,'','','2001-10-15',NULL,1,NULL,1),
 (95,'349','කේ. සිරිමාවතී','කළුපහනගේ',2,'නො.45/1,\nමාදෙල්ගමුව,\nගම්පහ','1972-09-05',NULL,NULL,'','','2001-11-01',NULL,1,NULL,1),
 (96,'351','පී.ඒ. කමලාවතී','පැටිකිරිය ආරච්චිගේ',2,'නො.24/1, \nමාදෙල්ගමුව,\nගම්පහ','1955-01-28',NULL,NULL,'','','2001-11-20',NULL,1,NULL,1),
 (97,'352','එස්. පියසීලි','සියඹලාපිටියගේ',2,'නො.23/4,\nමාදෙල්ගමුව,\nගම්පහ','1953-06-01',NULL,NULL,'','','2001-11-20',NULL,1,NULL,1),
 (98,'355','කේ.ඒ. අසංක සංජීව කළුආරච්චි','කළු ආරච්චිගේ',1,'නො.138/3,\nමාදෙල්ගමුව,\nගම්පහ','1978-02-27',NULL,NULL,'','','2002-01-08',NULL,1,NULL,1),
 (99,'356','ඩබ්. මොනිකා ටියුරින් කුමාරි','වන්නිආරච්චිගේ',2,'නො.165/6,\nමාදෙල්ගමුව,\nගම්පහ','1965-02-17',NULL,NULL,'','','2002-02-13',NULL,1,NULL,1),
 (100,'359','වයි.පී. ගයාන් ඉන්දික ජයතිලක','යාපා පතිරත්නැහැලාගේ',1,'නො.65/2,\nමාදෙල්ගමුව,\nගම්පහ','1978-09-15',NULL,NULL,'','','2002-03-20',NULL,1,NULL,1),
 (101,'360','ආර්.ඩී. චමින්ද ජයරුවන් ලියනගේ','රන්පටි දේවගේ',1,'නො.158,\nමාදෙල්ගමුව,\nගම්පහ','1974-03-29',NULL,NULL,'','','2002-04-07',NULL,1,NULL,1),
 (102,'361','පී.ජී. හර්ෂණී මදුරංගි පෙරමුණුගම','පෙරමුණු ගමගේ',2,'නො.138,\nමාදෙල්ගමුව,\nගම්පහ','1981-09-21',NULL,NULL,'','','2002-05-15',NULL,1,NULL,1),
 (103,'362','ඩී. උපුල් ජයසිරි දිසානායක','දිසානායකගේ',1,'නො.155/2,\nමාදෙල්ගමුව,\nගම්පහ','1982-01-14',NULL,NULL,'','','2002-07-07',NULL,1,NULL,1),
 (104,'363','ඩබ්. ප්‍රියන්ති විජිත සේපාලි','විජේසිංහගේ',2,'නො.283/1,\nමාදෙල්ගමුව,\nගම්පහ','1964-11-17',NULL,NULL,'','','2002-07-27',NULL,1,NULL,1),
 (105,'364','එස්.එල්.එම්.ඩී.චන්ද්‍රාවතී','සමරතුංග ලියන මොහොට්ටිලාගේ දෝන',2,'නො.123/9, මාදෙල්ගමුව,\nගම්පහ','1961-05-04',NULL,NULL,'','','2002-07-27',NULL,1,NULL,1),
 (106,'365','වයි.පී. ලලිත් සෝමරත්න','යාපා පතිරත්නැහැලාගේ',1,'නො.125,මාදෙල්ගමුව,\nගම්පහ','1973-06-07',NULL,NULL,'','','2002-09-29',NULL,1,NULL,1),
 (107,'366','එම්.ටී.ශ්‍යාමා ප්‍රියදර්ශනී පෙරේරා','මල්ලව තන්තිරිගේ',2,'නො.175/4,මාදෙල්ගමුව,\nගම්පහ','1977-07-17',NULL,NULL,'','','2002-10-18',NULL,1,NULL,1),
 (108,'367','ඒ.ඒ. ශාන්ත කුමාර','අධිකාරි අතුකෝරලාගේ',1,'නො.94/1,මාදෙල්ගමුව,\nගම්පහ','1964-03-09',NULL,NULL,'','','2002-11-10',NULL,1,NULL,1),
 (109,'368','එම්.ඒ. නාලනී කුසුමලතා','මදුරප්පෙරුම ආරච්චිගේ',2,'නො.165/4,මාදෙල්ගමුව,\nගම්පහ','1960-12-05',NULL,NULL,'','','2002-11-22',NULL,1,NULL,1),
 (110,'369','එස්.එල්.එම්. නන්ද්‍රාවතී','සමරතුංග ලියන මොහොට්ටිගේ',2,'නො.182/1,මාදෙල්ගමුව,\nගම්පහ','1947-05-05',NULL,NULL,'','','2002-11-24',NULL,1,NULL,1),
 (111,'370','ජේ.ඒ. සමන් පද්මකුමාර','ජයකොඩි ආරච්චිලාගේ',1,'නො.283/1,මාදෙල්ගමුව,\nගම්පහ','1982-06-22',NULL,NULL,'','','2002-11-29',NULL,1,NULL,1),
 (112,'371','එම්.කේ. සුනිලා ප්‍රියන්ති','මල්දෙනි කංකානමලාගේ',2,'නො.283/2,මාදෙල්ගමුව,\nගම්පහ','1965-04-22',NULL,NULL,'','','2002-11-29',NULL,1,NULL,1),
 (113,'372','පී.ඒ. ගාමිණී ජයනන්ද','පළවෙනි ආරච්චිගේ',1,'නො.71/2,මාදෙල්ගමුව,\nගම්පහ','1965-04-18',NULL,NULL,'','','2002-11-30',NULL,1,NULL,1),
 (114,'373','ඩී.දිනූෂා පතිනායක','ද්‍රෝන',2,'නො.157/3,මාදෙල්ගමුව,\nගම්පහ','1976-04-19',NULL,NULL,'','','2003-01-15',NULL,1,NULL,1),
 (115,'374','වයි.ඒ.රූපිකා ප්‍රියංගනී යාපා','යාපා අප්පුහාමිලාගේ',2,'නො.137,මාදෙල්ගමුව,\nගම්පහ','1976-12-17',NULL,NULL,'','','2003-02-08',NULL,1,NULL,1),
 (116,'375','ආර්.ඒ. පුෂ්පා මාලනී','රාමනායක ආරච්චිගේ',2,'නො.47,මාදෙල්ගමුව,\nගම්පහ','1954-02-22',NULL,NULL,'','','2003-03-02',NULL,1,NULL,1),
 (117,'376','ඩී. රෝහිත කුමාර','දිසානායකගේ',1,'නො.155,මාදෙල්ගමුව,\nගම්පහ','1974-11-13',NULL,NULL,'','','2003-03-26',NULL,1,NULL,1),
 (118,'377','එච්.අයිරංගනී පෙරේරා','හෙට්ටිගේ',2,'නො.95/2,මාදෙල්ගමුව,\nගම්පහ','1959-10-20',NULL,NULL,'','','2003-04-06',NULL,1,NULL,1),
 (119,'378','ඊ.එම්.ඉන්ද්‍රා පද්මලතා කුමාරිහාමි','ඒකනායක මුදියන්සේලාගේ',2,'නො.154/3,මාදෙල්ගමුව,\nගම්පහ','1951-12-11',NULL,NULL,'','','2003-07-06',NULL,1,NULL,1),
 (120,'379','එස්. නදීකා ද සිල්වා ගුණසේකර','සියඔලාපිටියගේ',2,'නො.43/1,මාදෙල්ගමුව,\nගම්පහ','1982-10-28',NULL,NULL,'','','2003-07-13',NULL,1,NULL,1),
 (121,'380','අයි.ඩී. කමණී දිල්රුක්ෂි','ඉමියාගේ දොන්',2,'නො.182/2,මාදෙල්ගමුව,\nගම්පහ','1982-05-26',NULL,NULL,'','','2003-08-12',NULL,1,NULL,1),
 (122,'381','එච්.පී.එම්. රත්න පද්මලතා','හඳගිරි පතිර මොහොට්ටිගේ',2,'නො.47/1,මාදෙල්ගමුව,\nගම්පහ','1954-01-26',NULL,NULL,'','','2003-08-25',NULL,1,NULL,1),
 (123,'382','ඩබ්.පී. ජසින්තා ප්‍රින්සි චිත්‍රා','වර්ණකුලසූරිය පටබැදිගේ',2,'නො.164/2,මාදෙල්ගමුව,\nගම්පහ','1963-12-05',NULL,NULL,'','','2003-09-06',NULL,1,NULL,1),
 (124,'383','ඩී.කිත්සිරි අනුර දිසානායක','දිසානායකගේ',1,'නො.139/1/1,මාදෙල්ගමුව,\nගම්පහ','1971-04-01',NULL,NULL,'','','2003-09-23',NULL,1,NULL,1),
 (125,'384','ඩබ්. නිරෝෂා පෙරේරා','වෙල්ගමගේ',2,'නො.37/1,මාදෙල්ගමුව,\nගම්පහ','1978-03-14',NULL,NULL,'','','2003-09-23',NULL,1,NULL,1),
 (126,'385','අයි.ඩී. චමින්ද','ඉමියාගේ දොන්',1,'නො.123/8,මාදෙල්ගමුව,\nගම්පහ','1977-01-01',NULL,NULL,'','','2003-09-24',NULL,1,NULL,1),
 (127,'386','කේ.ඒ. ඉන්දික','කහදව අප්පුහාමිලාගේ',1,'නො.81/1,මාදෙල්ගමුව,\nගම්පහ','1977-10-22',NULL,NULL,'','','2003-09-28',NULL,1,NULL,1),
 (128,'387','ආර්.ඒ. අජිත් රණසිංහ','රණසිංහ ආරච්චිලාගේ',1,'නො.108,මාදෙල්ගමුව,\nගම්පහ','1978-01-29',NULL,NULL,'','','2003-10-05',NULL,1,NULL,1),
 (129,'388','පීජී. දුමින්ද සමන් කුමාර','පෙරමුණු ගමගේ',1,'නො.270/4,බටපත,මාදෙල්ගමුව,\nගම්පහ','1983-03-31',NULL,NULL,'','','2003-10-11',NULL,1,NULL,1),
 (130,'389','එන්.ඒ. පේශි මහිමිලතා','නිලවක ආරච්චිගේ',2,'නො.8/1,මාදෙල්ගමුව,\nගම්පහ','1977-07-23',NULL,NULL,'','','2003-10-24',NULL,1,NULL,1),
 (131,'390','එච්.ඒ. දුමින්ද ලක්මාල්','හේවා ආරච්චිලාගේ',1,'නො.8/3,මාදෙල්ගමුව,\nගම්පහ','1982-10-02',NULL,NULL,'','','2003-11-08',NULL,1,NULL,1),
 (132,'391','බී.චමිලා ජයමාලි පෙරේරා','බ්‍රසිගේ',2,'නො.270,බටපොත,මාදෙල්ගමුව,\nගම්පහ','1980-11-06',NULL,NULL,'','','2003-11-18',NULL,1,NULL,1);
/*!40000 ALTER TABLE `smember` ENABLE KEYS */;


--
-- Definition of table `user`
--

DROP TABLE IF EXISTS `user`;
CREATE TABLE `user` (
  `id` int(11) NOT NULL AUTO_INCREMENT,
  `employee_id` int(11) NOT NULL,
  `name` varchar(45) DEFAULT NULL,
  `password` varchar(45) DEFAULT NULL,
  `userstatus_id` int(11) NOT NULL,
  PRIMARY KEY (`id`),
  KEY `fk_user_employee1_idx` (`employee_id`),
  KEY `fk_user_userstatus1_idx` (`userstatus_id`),
  CONSTRAINT `fk_user_employee1` FOREIGN KEY (`employee_id`) REFERENCES `employee` (`id`) ON DELETE NO ACTION ON UPDATE NO ACTION,
  CONSTRAINT `fk_user_userstatus1` FOREIGN KEY (`userstatus_id`) REFERENCES `userstatus` (`id`) ON DELETE NO ACTION ON UPDATE NO ACTION
) ENGINE=InnoDB AUTO_INCREMENT=11 DEFAULT CHARSET=utf8;

--
-- Dumping data for table `user`
--

/*!40000 ALTER TABLE `user` DISABLE KEYS */;
INSERT INTO `user` (`id`,`employee_id`,`name`,`password`,`userstatus_id`) VALUES 
 (8,1,'admin','abc123',1),
 (9,3,'kusum','896e7e37a3f10b501eb19de1c66f792f0c2d6ce9',1),
 (10,5,'abc123','6367c48dd193d56ea7b0baad25b19455e529f5ee',1);
/*!40000 ALTER TABLE `user` ENABLE KEYS */;


--
-- Definition of table `userrole`
--

DROP TABLE IF EXISTS `userrole`;
CREATE TABLE `userrole` (
  `role_id` int(11) NOT NULL,
  `user_id` int(11) NOT NULL,
  PRIMARY KEY (`role_id`,`user_id`),
  KEY `fk_role_has_user_user1_idx` (`user_id`),
  KEY `fk_role_has_user_role1_idx` (`role_id`),
  CONSTRAINT `fk_role_has_user_role1` FOREIGN KEY (`role_id`) REFERENCES `role` (`id`) ON DELETE NO ACTION ON UPDATE NO ACTION,
  CONSTRAINT `fk_role_has_user_user1` FOREIGN KEY (`user_id`) REFERENCES `user` (`id`) ON DELETE NO ACTION ON UPDATE NO ACTION
) ENGINE=InnoDB DEFAULT CHARSET=utf8;

--
-- Dumping data for table `userrole`
--

/*!40000 ALTER TABLE `userrole` DISABLE KEYS */;
INSERT INTO `userrole` (`role_id`,`user_id`) VALUES 
 (3,9),
 (4,10);
/*!40000 ALTER TABLE `userrole` ENABLE KEYS */;


--
-- Definition of table `userstatus`
--

DROP TABLE IF EXISTS `userstatus`;
CREATE TABLE `userstatus` (
  `id` int(11) NOT NULL AUTO_INCREMENT,
  `name` varchar(45) DEFAULT NULL,
  PRIMARY KEY (`id`)
) ENGINE=InnoDB AUTO_INCREMENT=4 DEFAULT CHARSET=utf8;

--
-- Dumping data for table `userstatus`
--

/*!40000 ALTER TABLE `userstatus` DISABLE KEYS */;
INSERT INTO `userstatus` (`id`,`name`) VALUES 
 (1,'Initializing'),
 (2,'Suspend'),
 (3,'Pending');
/*!40000 ALTER TABLE `userstatus` ENABLE KEYS */;




/*!40101 SET SQL_MODE=@OLD_SQL_MODE */;
/*!40014 SET FOREIGN_KEY_CHECKS=@OLD_FOREIGN_KEY_CHECKS */;
/*!40014 SET UNIQUE_CHECKS=@OLD_UNIQUE_CHECKS */;
/*!40101 SET CHARACTER_SET_CLIENT=@OLD_CHARACTER_SET_CLIENT */;
/*!40101 SET CHARACTER_SET_RESULTS=@OLD_CHARACTER_SET_RESULTS */;
/*!40101 SET COLLATION_CONNECTION=@OLD_COLLATION_CONNECTION */;
/*!40101 SET CHARACTER_SET_CLIENT=@OLD_CHARACTER_SET_CLIENT */;
